System,Set Cost,Per Satellite
Payload,440859.2781,180048.1273
Structure,6496.36466,1027.381346
Thermal,9840.725592,684.0216202
Electrical Power System,8767.169832,2806.201934
Avionics,3383.020272,2889.219999
ADCS,9008.186639,4450.048935
"Integration, Assembly & Test",113106.614,4795.151506
Program Level,138022.1984,69793.41226
Ground Support Equipment,53526.80741,0
Launch & Orbital Operations,2259.254075,0