Unplanned (%),Unplanned (Time)
97.8395061728395,25.0
97.53086419753086,25.0
97.53086419753086,25.0
97.53086419753086,25.0
97.53086419753086,25.0
97.8395061728395,25.0
97.53086419753086,25.0
97.53086419753086,25.0
97.53086419753086,25.0
97.22222222222221,25.0
97.22222222222221,25.0
97.22222222222221,25.0
97.53086419753086,25.0
97.22222222222221,25.0
97.22222222222221,25.0
