Alt,Inc,Initial_Raan,Delta_Raan,Num_Sats,Num_Planes,Avg_Percentage,Avg_Time,Cost
614.0,91.0,101.0,23.0,9.0,5.0,0.0,30.0,291224211.97029614
576.0,89.0,41.0,1.0,6.0,5.0,0.0,30.0,255224211.9702961
597.0,84.0,60.0,11.0,7.0,5.0,0.0,30.0,267224211.9702961
592.0,83.0,115.0,29.0,8.0,5.0,0.0,30.0,279224211.97029614
601.0,86.0,79.0,2.0,6.0,5.0,0.0,30.0,255224211.9702961
627.0,83.0,133.0,10.0,9.0,5.0,0.0,30.0,291224211.97029614
601.0,89.0,93.0,18.0,6.0,5.0,0.0,30.0,255224211.9702961
596.0,86.0,78.0,4.0,5.0,5.0,0.0,30.0,243224211.9702961
581.0,88.0,47.0,13.0,11.0,5.0,0.0,30.0,315224211.97029614
628.0,95.0,149.0,0.0,9.0,5.0,0.0,30.0,291224211.97029614
596.0,88.0,100.0,17.0,7.0,5.0,0.0,30.0,267224211.9702961
582.0,90.0,83.0,11.0,11.0,5.0,0.0,30.0,315224211.97029614
579.0,91.0,64.0,16.0,6.0,5.0,0.0,30.0,255224211.9702961
594.0,95.0,37.0,26.0,7.0,5.0,0.0,30.0,267224211.9702961
578.0,87.0,123.0,28.0,6.0,5.0,0.0,30.0,255224211.9702961
578.0,96.0,125.0,0.0,8.0,5.0,0.0,30.0,279224211.97029614
598.0,89.0,105.0,7.0,10.0,5.0,0.0,30.0,303224211.97029614
598.0,90.0,139.0,25.0,6.0,5.0,0.0,30.0,255224211.9702961
589.0,98.0,34.0,15.0,10.0,5.0,0.0,30.0,303224211.97029614
624.0,94.0,66.0,1.0,7.0,5.0,100.0,18.05743079482016,267224211.9702961
603.0,99.0,103.0,22.0,9.0,5.0,0.0,30.0,291224211.97029614
609.0,85.0,73.0,2.0,9.0,5.0,0.0,30.0,291224211.97029614
619.0,87.0,69.0,5.0,7.0,5.0,0.0,30.0,267224211.9702961
590.0,87.0,81.0,23.0,9.0,5.0,0.0,30.0,291224211.97029614
625.0,89.0,52.0,27.0,7.0,5.0,0.0,30.0,267224211.9702961
613.0,94.0,59.0,6.0,6.0,5.0,0.0,30.0,255224211.9702961
576.0,89.0,79.0,1.0,6.0,5.0,0.0,30.0,255224211.9702961
601.0,86.0,41.0,2.0,6.0,5.0,0.0,30.0,255224211.9702961
615.0,87.0,64.0,29.0,11.0,5.0,0.0,30.0,315224211.97029614
582.0,87.0,99.0,16.0,12.0,5.0,0.0,30.0,327224211.97029614
598.0,87.0,123.0,25.0,6.0,5.0,0.0,30.0,255224211.9702961
578.0,90.0,139.0,28.0,6.0,5.0,0.0,30.0,255224211.9702961
596.0,82.0,60.0,0.0,8.0,5.0,0.0,30.0,279224211.97029614
605.0,87.0,134.0,27.0,5.0,5.0,0.0,30.0,243224211.9702961
630.0,85.0,52.0,12.0,8.0,5.0,0.0,30.0,279224211.97029614
592.0,89.0,115.0,27.0,7.0,5.0,0.0,30.0,267224211.9702961
578.0,91.0,101.0,23.0,9.0,5.0,0.0,30.0,291224211.97029614
614.0,96.0,125.0,0.0,8.0,5.0,0.0,30.0,279224211.97029614
627.0,95.0,149.0,10.0,9.0,5.0,100.0,16.059023555502762,291224211.97029614
628.0,83.0,133.0,0.0,9.0,5.0,0.0,30.0,291224211.97029614
588.0,90.0,85.0,2.0,8.0,5.0,100.0,19.46790320925885,279224211.97029614
620.0,97.0,81.0,1.0,8.0,5.0,0.0,30.0,279224211.97029614
598.0,87.0,105.0,7.0,9.0,5.0,0.0,30.0,291224211.97029614
581.0,88.0,34.0,13.0,11.0,5.0,0.0,30.0,315224211.97029614
615.0,98.0,61.0,22.0,8.0,5.0,0.0,30.0,279224211.97029614
588.0,90.0,149.0,2.0,8.0,5.0,0.0,30.0,279224211.97029614
627.0,95.0,85.0,10.0,9.0,5.0,100.0,16.570647256603934,291224211.97029614
619.0,81.0,139.0,13.0,6.0,5.0,0.0,30.0,255224211.9702961
613.0,89.0,79.0,1.0,6.0,5.0,100.0,21.59207799363478,255224211.9702961
608.0,83.0,108.0,14.0,6.0,5.0,0.0,30.0,255224211.9702961
601.0,87.0,123.0,25.0,6.0,5.0,0.0,30.0,255224211.9702961
619.0,96.0,139.0,28.0,8.0,5.0,0.0,30.0,279224211.97029614
594.0,95.0,115.0,27.0,7.0,5.0,0.0,30.0,267224211.9702961
592.0,89.0,37.0,26.0,7.0,5.0,0.0,30.0,267224211.9702961
596.0,82.0,52.0,0.0,8.0,5.0,0.0,30.0,279224211.97029614
608.0,96.0,60.0,21.0,8.0,5.0,0.0,30.0,279224211.97029614
614.0,96.0,90.0,27.0,9.0,5.0,0.0,30.0,291224211.97029614
627.0,88.0,33.0,8.0,7.0,5.0,0.0,30.0,267224211.9702961
615.0,91.0,61.0,22.0,8.0,5.0,0.0,30.0,279224211.97029614
580.0,83.0,80.0,9.0,11.0,5.0,0.0,30.0,315224211.97029614
615.0,87.0,64.0,29.0,9.0,5.0,0.0,30.0,291224211.97029614
578.0,87.0,110.0,28.0,7.0,5.0,0.0,30.0,267224211.9702961
581.0,88.0,83.0,13.0,11.0,5.0,0.0,30.0,315224211.97029614
582.0,90.0,34.0,11.0,11.0,5.0,0.0,30.0,315224211.97029614
585.0,95.0,74.0,10.0,6.0,5.0,0.0,30.0,255224211.9702961
608.0,81.0,139.0,13.0,6.0,5.0,0.0,30.0,255224211.9702961
619.0,83.0,108.0,14.0,6.0,5.0,0.0,30.0,255224211.9702961
601.0,84.0,123.0,25.0,6.0,5.0,0.0,30.0,255224211.9702961
576.0,94.0,84.0,11.0,10.0,5.0,0.0,30.0,303224211.97029614
614.0,88.0,120.0,27.0,12.0,5.0,0.0,30.0,327224211.97029614
594.0,89.0,37.0,26.0,7.0,5.0,0.0,30.0,267224211.9702961
622.0,100.0,98.0,24.0,9.0,5.0,0.0,30.0,291224211.97029614
578.0,88.0,110.0,8.0,7.0,5.0,0.0,30.0,267224211.9702961
588.0,90.0,139.0,28.0,8.0,5.0,0.0,30.0,279224211.97029614
582.0,80.0,118.0,22.0,8.0,5.0,0.0,30.0,279224211.97029614
615.0,97.0,61.0,22.0,8.0,5.0,0.0,30.0,279224211.97029614
592.0,84.0,96.0,12.0,8.0,5.0,0.0,30.0,279224211.97029614
614.0,85.0,73.0,2.0,9.0,5.0,0.0,30.0,291224211.97029614
609.0,96.0,90.0,27.0,9.0,5.0,0.0,30.0,291224211.97029614
586.0,94.0,33.0,30.0,10.0,5.0,0.0,30.0,303224211.97029614
580.0,83.0,64.0,29.0,11.0,5.0,0.0,30.0,315224211.97029614
608.0,84.0,43.0,20.0,5.0,5.0,0.0,30.0,243224211.9702961
596.0,87.0,78.0,27.0,5.0,5.0,0.0,30.0,243224211.9702961
605.0,82.0,130.0,3.0,11.0,5.0,0.0,30.0,315224211.97029614
608.0,89.0,79.0,1.0,5.0,5.0,0.0,30.0,243224211.9702961
613.0,84.0,43.0,20.0,6.0,5.0,0.0,30.0,255224211.9702961
608.0,95.0,74.0,10.0,6.0,5.0,0.0,30.0,255224211.9702961
599.0,87.0,118.0,20.0,5.0,5.0,0.0,30.0,243224211.9702961
607.0,86.0,32.0,8.0,5.0,5.0,0.0,30.0,243224211.9702961
584.0,98.0,76.0,11.0,7.0,5.0,0.0,30.0,267224211.9702961
582.0,80.0,139.0,28.0,8.0,5.0,0.0,30.0,279224211.97029614
588.0,90.0,118.0,22.0,8.0,5.0,0.0,30.0,279224211.97029614
608.0,82.0,52.0,0.0,8.0,5.0,0.0,30.0,279224211.97029614
593.0,85.0,60.0,7.0,8.0,5.0,0.0,30.0,279224211.97029614
592.0,97.0,96.0,12.0,8.0,5.0,0.0,30.0,279224211.97029614
585.0,100.0,114.0,22.0,11.0,5.0,0.0,30.0,315224211.97029614
622.0,100.0,73.0,24.0,9.0,5.0,0.0,30.0,291224211.97029614
614.0,85.0,98.0,2.0,9.0,5.0,0.0,30.0,291224211.97029614
609.0,94.0,84.0,27.0,9.0,5.0,0.0,30.0,291224211.97029614
576.0,96.0,90.0,11.0,10.0,5.0,0.0,30.0,303224211.97029614
580.0,94.0,33.0,30.0,11.0,5.0,0.0,30.0,315224211.97029614
586.0,83.0,64.0,29.0,10.0,5.0,0.0,30.0,303224211.97029614
582.0,98.0,150.0,10.0,6.0,5.0,0.0,30.0,255224211.9702961
608.0,89.0,78.0,27.0,5.0,5.0,0.0,30.0,243224211.9702961
596.0,87.0,79.0,1.0,5.0,5.0,0.0,30.0,243224211.9702961
599.0,94.0,141.0,21.0,7.0,5.0,0.0,30.0,267224211.9702961
607.0,87.0,32.0,8.0,5.0,5.0,0.0,30.0,243224211.9702961
608.0,95.0,43.0,10.0,6.0,5.0,0.0,30.0,255224211.9702961
613.0,84.0,74.0,20.0,6.0,5.0,0.0,30.0,255224211.9702961
590.0,86.0,113.0,27.0,11.0,5.0,0.0,30.0,315224211.97029614
582.0,86.0,83.0,12.0,5.0,5.0,0.0,30.0,243224211.9702961
593.0,82.0,60.0,7.0,8.0,5.0,0.0,30.0,279224211.97029614
608.0,85.0,52.0,0.0,8.0,5.0,0.0,30.0,279224211.97029614
604.0,97.0,96.0,30.0,6.0,5.0,0.0,30.0,255224211.9702961
622.0,86.0,100.0,19.0,9.0,5.0,0.0,30.0,291224211.97029614
614.0,85.0,84.0,2.0,9.0,5.0,0.0,30.0,291224211.97029614
609.0,94.0,98.0,27.0,9.0,5.0,0.0,30.0,291224211.97029614
576.0,96.0,90.0,29.0,10.0,5.0,100.0,14.895531888877702,303224211.97029614
586.0,83.0,64.0,11.0,10.0,5.0,0.0,30.0,303224211.97029614
580.0,100.0,137.0,0.0,11.0,5.0,0.0,30.0,315224211.97029614
580.0,88.0,33.0,13.0,11.0,5.0,0.0,30.0,315224211.97029614
581.0,94.0,83.0,30.0,11.0,5.0,0.0,30.0,315224211.97029614
602.0,80.0,31.0,8.0,8.0,5.0,0.0,30.0,279224211.97029614
608.0,87.0,78.0,27.0,5.0,5.0,0.0,30.0,243224211.9702961
582.0,86.0,32.0,12.0,5.0,5.0,0.0,30.0,243224211.9702961
607.0,87.0,83.0,8.0,5.0,5.0,0.0,30.0,243224211.9702961
576.0,91.0,90.0,29.0,10.0,5.0,0.0,30.0,303224211.97029614
619.0,97.0,108.0,30.0,6.0,5.0,0.0,30.0,255224211.9702961
597.0,83.0,111.0,3.0,6.0,5.0,0.0,30.0,255224211.9702961
600.0,95.0,110.0,8.0,11.0,5.0,100.0,15.412305494666086,315224211.97029614
591.0,82.0,85.0,0.0,8.0,5.0,0.0,30.0,279224211.97029614
593.0,82.0,60.0,22.0,8.0,5.0,0.0,30.0,279224211.97029614
588.0,90.0,118.0,7.0,8.0,5.0,0.0,30.0,279224211.97029614
609.0,94.0,84.0,2.0,9.0,5.0,100.0,15.847102716892884,291224211.97029614
596.0,85.0,128.0,28.0,9.0,5.0,0.0,30.0,291224211.97029614
590.0,86.0,64.0,11.0,10.0,5.0,0.0,30.0,303224211.97029614
586.0,83.0,113.0,27.0,11.0,5.0,0.0,30.0,315224211.97029614
605.0,100.0,137.0,3.0,11.0,5.0,0.0,30.0,315224211.97029614
629.0,81.0,38.0,14.0,11.0,5.0,0.0,30.0,315224211.97029614
580.0,82.0,46.0,27.0,8.0,5.0,0.0,30.0,279224211.97029614
585.0,93.0,83.0,28.0,9.0,5.0,0.0,30.0,291224211.97029614
582.0,90.0,110.0,21.0,12.0,5.0,100.0,16.63870395633817,327224211.97029614
608.0,94.0,84.0,2.0,9.0,5.0,100.0,15.232064051082526,291224211.97029614
609.0,95.0,43.0,10.0,6.0,5.0,0.0,30.0,255224211.9702961
597.0,97.0,111.0,30.0,6.0,5.0,0.0,30.0,255224211.9702961
627.0,80.0,74.0,3.0,12.0,5.0,0.0,30.0,327224211.97029614
610.0,82.0,31.0,0.0,9.0,5.0,0.0,30.0,291224211.97029614
591.0,80.0,85.0,0.0,8.0,5.0,0.0,30.0,279224211.97029614
607.0,93.0,41.0,10.0,7.0,5.0,100.0,18.810690259641767,267224211.9702961
622.0,85.0,128.0,19.0,9.0,5.0,0.0,30.0,291224211.97029614
596.0,86.0,100.0,28.0,9.0,5.0,0.0,30.0,291224211.97029614
606.0,91.0,144.0,11.0,8.0,5.0,0.0,30.0,279224211.97029614
590.0,86.0,90.0,29.0,10.0,5.0,0.0,30.0,303224211.97029614
586.0,100.0,113.0,3.0,11.0,5.0,0.0,30.0,315224211.97029614
605.0,83.0,137.0,5.0,6.0,5.0,0.0,30.0,255224211.9702961
581.0,81.0,83.0,30.0,11.0,5.0,0.0,30.0,315224211.97029614
629.0,94.0,38.0,14.0,11.0,5.0,0.0,30.0,315224211.97029614
607.0,95.0,100.0,7.0,10.0,6.0,0.0,30.0,311480502.16837484
594.0,87.0,72.0,26.0,8.0,6.0,0.0,30.0,287480502.16837484
589.0,88.0,108.0,10.0,7.0,6.0,100.0,21.728100635906543,275480502.16837484
577.0,85.0,65.0,24.0,11.0,6.0,0.0,30.0,323480502.16837484
588.0,91.0,92.0,9.0,8.0,6.0,0.0,30.0,287480502.16837484
589.0,90.0,142.0,26.0,10.0,6.0,100.0,16.567682752009823,311480502.16837484
616.0,92.0,124.0,6.0,8.0,6.0,100.0,16.41661213520236,287480502.16837484
588.0,98.0,118.0,0.0,10.0,6.0,0.0,30.0,311480502.16837484
577.0,88.0,115.0,25.0,6.0,6.0,0.0,30.0,263480502.16837484
616.0,81.0,134.0,13.0,8.0,6.0,0.0,30.0,287480502.16837484
595.0,89.0,115.0,9.0,6.0,6.0,0.0,30.0,263480502.16837484
579.0,91.0,42.0,9.0,8.0,6.0,0.0,30.0,287480502.16837484
594.0,93.0,101.0,17.0,11.0,6.0,0.0,30.0,323480502.16837484
629.0,88.0,137.0,11.0,10.0,6.0,0.0,30.0,311480502.16837484
582.0,94.0,44.0,18.0,11.0,6.0,0.0,30.0,323480502.16837484
575.0,81.0,114.0,5.0,7.0,6.0,0.0,30.0,275480502.16837484
608.0,98.0,112.0,25.0,11.0,6.0,0.0,30.0,323480502.16837484
608.0,87.0,63.0,14.0,8.0,6.0,0.0,30.0,287480502.16837484
600.0,96.0,129.0,11.0,10.0,6.0,100.0,12.694449781536775,311480502.16837484
612.0,83.0,47.0,0.0,11.0,6.0,0.0,30.0,323480502.16837484
621.0,82.0,69.0,14.0,11.0,6.0,0.0,30.0,323480502.16837484
616.0,87.0,42.0,23.0,10.0,6.0,0.0,30.0,311480502.16837484
601.0,95.0,127.0,2.0,7.0,6.0,0.0,30.0,275480502.16837484
578.0,99.0,72.0,24.0,7.0,6.0,0.0,30.0,275480502.16837484
626.0,85.0,130.0,18.0,9.0,6.0,0.0,30.0,299480502.16837484
600.0,94.0,107.0,11.0,7.0,6.0,100.0,17.90899852569116,275480502.16837484
575.0,96.0,129.0,5.0,10.0,6.0,0.0,30.0,311480502.16837484
578.0,99.0,127.0,24.0,7.0,6.0,0.0,30.0,275480502.16837484
601.0,95.0,72.0,2.0,7.0,6.0,100.0,18.048146732080003,275480502.16837484
589.0,90.0,142.0,26.0,8.0,6.0,100.0,19.55493597527141,287480502.16837484
594.0,83.0,120.0,3.0,9.0,6.0,0.0,30.0,299480502.16837484
581.0,88.0,74.0,24.0,9.0,6.0,0.0,30.0,299480502.16837484
625.0,91.0,135.0,26.0,10.0,6.0,0.0,30.0,311480502.16837484
607.0,85.0,100.0,7.0,9.0,6.0,0.0,30.0,299480502.16837484
579.0,90.0,72.0,6.0,12.0,6.0,100.0,14.171302006009988,335480502.16837484
595.0,98.0,118.0,9.0,12.0,6.0,0.0,30.0,335480502.16837484
616.0,85.0,42.0,24.0,10.0,6.0,0.0,30.0,311480502.16837484
577.0,87.0,65.0,23.0,11.0,6.0,0.0,30.0,323480502.16837484
621.0,93.0,101.0,14.0,11.0,6.0,0.0,30.0,323480502.16837484
594.0,82.0,69.0,17.0,11.0,6.0,0.0,30.0,323480502.16837484
582.0,94.0,112.0,18.0,11.0,6.0,0.0,30.0,323480502.16837484
608.0,98.0,44.0,25.0,11.0,6.0,0.0,30.0,323480502.16837484
621.0,88.0,115.0,10.0,6.0,6.0,0.0,30.0,263480502.16837484
583.0,81.0,106.0,9.0,10.0,6.0,0.0,30.0,311480502.16837484
601.0,82.0,54.0,4.0,7.0,6.0,0.0,30.0,275480502.16837484
616.0,90.0,30.0,0.0,11.0,6.0,0.0,30.0,323480502.16837484
579.0,91.0,127.0,24.0,7.0,6.0,0.0,30.0,275480502.16837484
578.0,99.0,42.0,9.0,8.0,6.0,0.0,30.0,287480502.16837484
608.0,81.0,88.0,8.0,9.0,6.0,0.0,30.0,299480502.16837484
607.0,88.0,100.0,7.0,9.0,6.0,0.0,30.0,299480502.16837484
581.0,85.0,74.0,24.0,9.0,6.0,0.0,30.0,299480502.16837484
599.0,91.0,135.0,11.0,9.0,6.0,100.0,14.321264475779136,299480502.16837484
625.0,92.0,54.0,1.0,9.0,6.0,0.0,30.0,299480502.16837484
616.0,88.0,137.0,24.0,10.0,6.0,0.0,30.0,311480502.16837484
629.0,85.0,42.0,11.0,10.0,6.0,0.0,30.0,311480502.16837484
587.0,86.0,135.0,15.0,8.0,6.0,0.0,30.0,287480502.16837484
617.0,89.0,36.0,14.0,9.0,6.0,0.0,30.0,299480502.16837484
591.0,91.0,140.0,18.0,8.0,6.0,0.0,30.0,287480502.16837484
582.0,82.0,112.0,17.0,11.0,6.0,0.0,30.0,323480502.16837484
612.0,83.0,44.0,25.0,11.0,6.0,0.0,30.0,323480502.16837484
608.0,98.0,47.0,0.0,11.0,6.0,0.0,30.0,323480502.16837484
584.0,89.0,127.0,11.0,10.0,6.0,0.0,30.0,311480502.16837484
630.0,93.0,115.0,27.0,6.0,6.0,0.0,30.0,263480502.16837484
579.0,90.0,124.0,6.0,12.0,6.0,100.0,13.894366763397668,335480502.16837484
576.0,92.0,120.0,13.0,10.0,6.0,0.0,30.0,311480502.16837484
578.0,86.0,42.0,15.0,8.0,6.0,0.0,30.0,287480502.16837484
607.0,99.0,139.0,22.0,10.0,6.0,0.0,30.0,311480502.16837484
595.0,86.0,118.0,20.0,7.0,6.0,0.0,30.0,275480502.16837484
607.0,88.0,120.0,3.0,9.0,6.0,0.0,30.0,299480502.16837484
581.0,85.0,54.0,24.0,9.0,6.0,0.0,30.0,299480502.16837484
625.0,92.0,74.0,1.0,9.0,6.0,0.0,30.0,299480502.16837484
617.0,89.0,36.0,9.0,10.0,6.0,0.0,30.0,311480502.16837484
583.0,81.0,106.0,14.0,9.0,6.0,0.0,30.0,299480502.16837484
629.0,85.0,42.0,24.0,10.0,6.0,0.0,30.0,311480502.16837484
616.0,88.0,137.0,11.0,10.0,6.0,0.0,30.0,311480502.16837484
582.0,99.0,42.0,22.0,12.0,6.0,0.0,30.0,335480502.16837484
616.0,82.0,30.0,0.0,11.0,6.0,0.0,30.0,323480502.16837484
612.0,90.0,44.0,0.0,11.0,6.0,0.0,30.0,323480502.16837484
579.0,90.0,115.0,6.0,6.0,6.0,100.0,21.943261826302347,263480502.16837484
630.0,93.0,124.0,27.0,12.0,6.0,0.0,30.0,335480502.16837484
589.0,88.0,135.0,11.0,7.0,6.0,0.0,30.0,275480502.16837484
599.0,91.0,108.0,10.0,9.0,6.0,0.0,30.0,299480502.16837484
579.0,82.0,54.0,4.0,7.0,6.0,0.0,30.0,275480502.16837484
601.0,91.0,127.0,24.0,7.0,6.0,0.0,30.0,275480502.16837484
595.0,86.0,118.0,15.0,7.0,6.0,0.0,30.0,275480502.16837484
578.0,86.0,105.0,29.0,9.0,6.0,0.0,30.0,299480502.16837484
591.0,81.0,140.0,18.0,9.0,6.0,0.0,30.0,299480502.16837484
608.0,91.0,88.0,8.0,8.0,6.0,0.0,30.0,287480502.16837484
630.0,96.0,89.0,3.0,9.0,6.0,0.0,30.0,299480502.16837484
607.0,85.0,120.0,3.0,9.0,6.0,0.0,30.0,299480502.16837484
618.0,90.0,96.0,23.0,6.0,6.0,0.0,30.0,263480502.16837484
583.0,92.0,106.0,1.0,9.0,6.0,100.0,14.953246771542592,299480502.16837484
576.0,89.0,127.0,13.0,10.0,6.0,0.0,30.0,311480502.16837484
584.0,92.0,120.0,11.0,10.0,6.0,0.0,30.0,311480502.16837484
598.0,89.0,128.0,17.0,12.0,6.0,0.0,30.0,335480502.16837484
616.0,85.0,137.0,24.0,10.0,6.0,0.0,30.0,311480502.16837484
616.0,90.0,44.0,0.0,11.0,6.0,0.0,30.0,323480502.16837484
612.0,82.0,30.0,0.0,11.0,6.0,0.0,30.0,323480502.16837484
593.0,90.0,54.0,13.0,11.0,4.0,0.0,30.0,306607328.8859749
618.0,95.0,35.0,5.0,7.0,4.0,0.0,30.0,258607328.8859749
588.0,80.0,99.0,16.0,8.0,4.0,0.0,30.0,270607328.8859749
590.0,93.0,142.0,5.0,4.0,4.0,0.0,30.0,222607328.8859749
606.0,98.0,126.0,16.0,11.0,4.0,0.0,30.0,306607328.8859749
629.0,83.0,110.0,14.0,10.0,4.0,0.0,30.0,294607328.8859749
593.0,84.0,104.0,19.0,9.0,4.0,0.0,30.0,282607328.8859749
602.0,90.0,56.0,27.0,11.0,4.0,0.0,30.0,306607328.8859749
586.0,84.0,52.0,15.0,6.0,4.0,0.0,30.0,246607328.8859749
612.0,84.0,57.0,29.0,9.0,4.0,0.0,30.0,282607328.8859749
629.0,82.0,84.0,18.0,9.0,4.0,0.0,30.0,282607328.8859749
576.0,94.0,41.0,6.0,7.0,4.0,100.0,19.66648898814984,258607328.8859749
577.0,91.0,69.0,11.0,10.0,4.0,0.0,30.0,294607328.8859749
579.0,88.0,34.0,10.0,9.0,4.0,0.0,30.0,282607328.8859749
604.0,80.0,105.0,18.0,8.0,4.0,0.0,30.0,270607328.8859749
627.0,86.0,93.0,15.0,4.0,4.0,0.0,30.0,222607328.8859749
610.0,88.0,143.0,3.0,8.0,4.0,0.0,30.0,270607328.8859749
611.0,86.0,133.0,29.0,8.0,4.0,0.0,30.0,270607328.8859749
622.0,95.0,31.0,22.0,7.0,4.0,100.0,18.28899499036782,258607328.8859749
595.0,81.0,60.0,2.0,11.0,4.0,0.0,30.0,306607328.8859749
599.0,87.0,31.0,12.0,4.0,4.0,0.0,30.0,222607328.8859749
600.0,98.0,44.0,18.0,10.0,4.0,0.0,30.0,294607328.8859749
612.0,87.0,100.0,6.0,6.0,4.0,0.0,30.0,246607328.8859749
575.0,83.0,49.0,15.0,4.0,4.0,0.0,30.0,222607328.8859749
616.0,96.0,61.0,23.0,6.0,4.0,100.0,20.690426910193903,246607328.8859749
575.0,83.0,31.0,15.0,4.0,4.0,0.0,30.0,222607328.8859749
599.0,87.0,49.0,12.0,4.0,4.0,0.0,30.0,222607328.8859749
616.0,95.0,61.0,22.0,7.0,4.0,0.0,30.0,258607328.8859749
622.0,96.0,31.0,23.0,6.0,4.0,100.0,20.70277689637622,246607328.8859749
576.0,94.0,41.0,10.0,6.0,4.0,0.0,30.0,246607328.8859749
589.0,91.0,66.0,21.0,9.0,4.0,0.0,30.0,282607328.8859749
610.0,87.0,35.0,6.0,7.0,4.0,0.0,30.0,258607328.8859749
600.0,92.0,96.0,18.0,8.0,4.0,0.0,30.0,270607328.8859749
587.0,86.0,40.0,0.0,12.0,4.0,0.0,30.0,318607328.8859749
611.0,86.0,143.0,3.0,8.0,4.0,0.0,30.0,270607328.8859749
610.0,88.0,133.0,29.0,8.0,4.0,0.0,30.0,270607328.8859749
602.0,100.0,57.0,29.0,6.0,4.0,0.0,30.0,246607328.8859749
593.0,84.0,104.0,29.0,9.0,4.0,0.0,30.0,282607328.8859749
626.0,83.0,57.0,6.0,9.0,4.0,0.0,30.0,282607328.8859749
595.0,81.0,60.0,16.0,11.0,4.0,0.0,30.0,306607328.8859749
605.0,90.0,48.0,0.0,11.0,4.0,0.0,30.0,306607328.8859749
604.0,97.0,115.0,13.0,10.0,4.0,0.0,30.0,294607328.8859749
575.0,87.0,142.0,28.0,4.0,4.0,0.0,30.0,222607328.8859749
590.0,86.0,93.0,15.0,4.0,4.0,0.0,30.0,222607328.8859749
575.0,95.0,49.0,3.0,8.0,4.0,0.0,30.0,270607328.8859749
586.0,100.0,42.0,20.0,6.0,4.0,0.0,30.0,246607328.8859749
602.0,84.0,57.0,29.0,6.0,4.0,0.0,30.0,246607328.8859749
620.0,96.0,64.0,25.0,7.0,4.0,0.0,30.0,258607328.8859749
616.0,95.0,61.0,6.0,7.0,4.0,100.0,20.574575557741635,258607328.8859749
600.0,84.0,103.0,8.0,4.0,4.0,0.0,30.0,222607328.8859749
581.0,83.0,62.0,22.0,6.0,4.0,0.0,30.0,246607328.8859749
590.0,88.0,97.0,29.0,9.0,4.0,0.0,30.0,282607328.8859749
610.0,91.0,66.0,21.0,8.0,4.0,0.0,30.0,270607328.8859749
593.0,84.0,104.0,18.0,9.0,4.0,0.0,30.0,282607328.8859749
629.0,82.0,84.0,29.0,9.0,4.0,0.0,30.0,282607328.8859749
626.0,83.0,57.0,10.0,9.0,4.0,0.0,30.0,282607328.8859749
579.0,88.0,34.0,6.0,9.0,4.0,0.0,30.0,282607328.8859749
577.0,91.0,110.0,14.0,10.0,4.0,0.0,30.0,294607328.8859749
629.0,83.0,69.0,11.0,10.0,4.0,0.0,30.0,294607328.8859749
600.0,97.0,115.0,18.0,10.0,4.0,100.0,15.39009869435467,294607328.8859749
596.0,80.0,100.0,3.0,8.0,4.0,0.0,30.0,270607328.8859749
595.0,90.0,33.0,0.0,12.0,4.0,0.0,30.0,318607328.8859749
605.0,81.0,60.0,16.0,11.0,4.0,0.0,30.0,306607328.8859749
579.0,82.0,48.0,19.0,10.0,4.0,0.0,30.0,294607328.8859749
624.0,97.0,93.0,30.0,8.0,4.0,0.0,30.0,270607328.8859749
599.0,84.0,31.0,8.0,4.0,4.0,0.0,30.0,222607328.8859749
600.0,87.0,103.0,12.0,4.0,4.0,0.0,30.0,222607328.8859749
622.0,95.0,31.0,6.0,7.0,4.0,0.0,30.0,258607328.8859749
597.0,97.0,118.0,14.0,10.0,4.0,100.0,16.890437697731144,294607328.8859749
602.0,98.0,57.0,20.0,4.0,4.0,0.0,30.0,222607328.8859749
586.0,84.0,42.0,29.0,6.0,4.0,0.0,30.0,246607328.8859749
575.0,91.0,66.0,21.0,8.0,4.0,0.0,30.0,270607328.8859749
610.0,95.0,49.0,3.0,8.0,4.0,0.0,30.0,270607328.8859749
590.0,80.0,97.0,29.0,8.0,4.0,0.0,30.0,270607328.8859749
596.0,88.0,100.0,3.0,9.0,4.0,0.0,30.0,282607328.8859749
583.0,84.0,146.0,18.0,6.0,4.0,0.0,30.0,246607328.8859749
579.0,83.0,57.0,6.0,9.0,4.0,0.0,30.0,282607328.8859749
626.0,88.0,34.0,10.0,9.0,4.0,0.0,30.0,282607328.8859749
610.0,89.0,120.0,8.0,4.0,4.0,0.0,30.0,222607328.8859749
581.0,97.0,101.0,22.0,10.0,4.0,0.0,30.0,294607328.8859749
612.0,96.0,150.0,9.0,6.0,4.0,0.0,30.0,246607328.8859749
597.0,97.0,118.0,23.0,10.0,4.0,100.0,16.058144587086684,294607328.8859749
616.0,96.0,61.0,14.0,6.0,4.0,0.0,30.0,246607328.8859749
578.0,95.0,146.0,8.0,6.0,4.0,0.0,30.0,246607328.8859749
583.0,84.0,62.0,18.0,6.0,4.0,0.0,30.0,246607328.8859749
622.0,96.0,31.0,6.0,7.0,4.0,100.0,18.102595510681628,258607328.8859749
620.0,95.0,64.0,25.0,7.0,4.0,0.0,30.0,258607328.8859749
624.0,91.0,66.0,30.0,8.0,4.0,0.0,30.0,270607328.8859749
575.0,97.0,93.0,21.0,8.0,4.0,0.0,30.0,270607328.8859749
602.0,80.0,97.0,15.0,8.0,4.0,0.0,30.0,270607328.8859749
582.0,89.0,47.0,27.0,7.0,4.0,0.0,30.0,258607328.8859749
629.0,83.0,48.0,19.0,10.0,4.0,0.0,30.0,294607328.8859749
579.0,82.0,69.0,11.0,10.0,4.0,0.0,30.0,294607328.8859749
595.0,90.0,60.0,16.0,12.0,4.0,0.0,30.0,318607328.8859749
605.0,81.0,33.0,0.0,11.0,4.0,0.0,30.0,306607328.8859749
603.0,88.0,126.0,30.0,8.0,4.0,0.0,30.0,270607328.8859749
609.0,84.0,31.0,15.0,12.0,4.0,0.0,30.0,318607328.8859749
622.0,89.0,85.0,13.0,7.0,4.0,0.0,30.0,258607328.8859749
620.0,100.0,52.0,9.0,6.0,4.0,0.0,30.0,246607328.8859749
613.0,96.0,124.0,22.0,9.0,4.0,0.0,30.0,282607328.8859749
576.0,94.0,41.0,29.0,6.0,4.0,0.0,30.0,246607328.8859749
586.0,84.0,42.0,10.0,6.0,4.0,0.0,30.0,246607328.8859749
578.0,95.0,62.0,8.0,6.0,4.0,0.0,30.0,246607328.8859749
582.0,89.0,64.0,25.0,7.0,4.0,0.0,30.0,258607328.8859749
626.0,96.0,47.0,27.0,9.0,4.0,0.0,30.0,282607328.8859749
610.0,95.0,67.0,8.0,11.0,4.0,0.0,30.0,306607328.8859749
602.0,92.0,126.0,3.0,6.0,4.0,0.0,30.0,246607328.8859749
629.0,88.0,126.0,30.0,8.0,4.0,0.0,30.0,270607328.8859749
603.0,82.0,84.0,29.0,9.0,4.0,0.0,30.0,282607328.8859749
617.0,87.0,147.0,9.0,5.0,4.0,0.0,30.0,234607328.8859749
629.0,83.0,101.0,22.0,10.0,4.0,0.0,30.0,294607328.8859749
581.0,97.0,48.0,19.0,10.0,4.0,0.0,30.0,294607328.8859749
579.0,82.0,33.0,11.0,11.0,4.0,0.0,30.0,306607328.8859749
605.0,81.0,69.0,0.0,10.0,4.0,0.0,30.0,294607328.8859749
602.0,97.0,57.0,23.0,4.0,4.0,0.0,30.0,222607328.8859749
592.0,86.0,30.0,10.0,8.0,4.0,0.0,30.0,270607328.8859749
617.0,100.0,147.0,9.0,5.0,4.0,0.0,30.0,234607328.8859749
620.0,87.0,52.0,9.0,6.0,4.0,0.0,30.0,246607328.8859749
576.0,84.0,42.0,10.0,6.0,4.0,0.0,30.0,246607328.8859749
586.0,94.0,41.0,29.0,6.0,4.0,0.0,30.0,246607328.8859749
583.0,96.0,124.0,6.0,4.0,4.0,0.0,30.0,222607328.8859749
580.0,95.0,36.0,9.0,7.0,4.0,0.0,30.0,258607328.8859749
575.0,89.0,64.0,21.0,7.0,4.0,0.0,30.0,258607328.8859749
582.0,91.0,66.0,25.0,8.0,4.0,0.0,30.0,270607328.8859749
613.0,96.0,47.0,27.0,9.0,4.0,0.0,30.0,282607328.8859749
576.0,80.0,121.0,24.0,9.0,4.0,0.0,30.0,282607328.8859749
579.0,92.0,114.0,13.0,11.0,4.0,0.0,30.0,306607328.8859749
608.0,97.0,107.0,1.0,9.0,4.0,0.0,30.0,282607328.8859749
596.0,88.0,108.0,6.0,9.0,4.0,0.0,30.0,282607328.8859749
616.0,94.0,76.0,10.0,6.0,4.0,0.0,30.0,246607328.8859749
577.0,97.0,147.0,1.0,12.0,4.0,0.0,30.0,318607328.8859749
619.0,96.0,73.0,1.0,6.0,4.0,0.0,30.0,246607328.8859749
620.0,87.0,147.0,9.0,6.0,4.0,0.0,30.0,246607328.8859749
617.0,100.0,52.0,9.0,5.0,4.0,0.0,30.0,234607328.8859749
586.0,94.0,42.0,29.0,6.0,4.0,0.0,30.0,246607328.8859749
576.0,84.0,41.0,10.0,6.0,4.0,0.0,30.0,246607328.8859749
578.0,84.0,62.0,18.0,6.0,4.0,0.0,30.0,246607328.8859749
583.0,95.0,146.0,8.0,6.0,4.0,0.0,30.0,246607328.8859749
592.0,89.0,64.0,21.0,8.0,4.0,0.0,30.0,270607328.8859749
578.0,97.0,30.0,21.0,10.0,4.0,0.0,30.0,294607328.8859749
613.0,88.0,126.0,27.0,8.0,4.0,0.0,30.0,270607328.8859749
579.0,96.0,71.0,6.0,9.0,4.0,0.0,30.0,282607328.8859749
576.0,97.0,107.0,1.0,9.0,4.0,100.0,16.523660477504837,282607328.8859749
612.0,86.0,141.0,10.0,7.0,4.0,0.0,30.0,258607328.8859749
629.0,88.0,108.0,6.0,9.0,4.0,0.0,30.0,282607328.8859749
596.0,83.0,101.0,22.0,10.0,4.0,0.0,30.0,294607328.8859749
581.0,94.0,70.0,7.0,6.0,4.0,0.0,30.0,246607328.8859749
626.0,87.0,114.0,0.0,12.0,4.0,0.0,30.0,318607328.8859749
599.0,95.0,64.0,6.0,5.0,3.0,0.0,30.0,225527613.5859749
602.0,97.0,39.0,19.0,11.0,3.0,0.0,30.0,297527613.58597493
575.0,90.0,125.0,20.0,6.0,3.0,0.0,30.0,237527613.5859749
585.0,85.0,43.0,4.0,10.0,3.0,0.0,30.0,285527613.58597493
597.0,94.0,108.0,29.0,11.0,3.0,0.0,30.0,297527613.58597493
611.0,97.0,68.0,9.0,6.0,3.0,0.0,30.0,237527613.5859749
585.0,84.0,37.0,11.0,5.0,3.0,0.0,30.0,225527613.5859749
605.0,89.0,44.0,20.0,11.0,3.0,0.0,30.0,297527613.58597493
595.0,96.0,63.0,1.0,3.0,3.0,0.0,30.0,201527613.5859749
629.0,90.0,141.0,16.0,4.0,3.0,0.0,30.0,213527613.5859749
578.0,82.0,140.0,4.0,6.0,3.0,0.0,30.0,237527613.5859749
579.0,80.0,141.0,15.0,11.0,3.0,0.0,30.0,297527613.58597493
601.0,94.0,104.0,8.0,9.0,3.0,0.0,30.0,273527613.58597493
621.0,80.0,121.0,0.0,4.0,3.0,0.0,30.0,213527613.5859749
621.0,97.0,71.0,18.0,6.0,3.0,0.0,30.0,237527613.5859749
581.0,86.0,32.0,27.0,11.0,3.0,0.0,30.0,297527613.58597493
607.0,88.0,136.0,20.0,10.0,3.0,0.0,30.0,285527613.58597493
575.0,84.0,138.0,17.0,11.0,3.0,0.0,30.0,297527613.58597493
601.0,96.0,34.0,10.0,4.0,3.0,0.0,30.0,213527613.5859749
628.0,96.0,72.0,21.0,6.0,3.0,0.0,30.0,237527613.5859749
603.0,86.0,33.0,27.0,7.0,3.0,0.0,30.0,249527613.5859749
615.0,94.0,84.0,17.0,4.0,3.0,0.0,30.0,213527613.5859749
598.0,86.0,49.0,25.0,10.0,3.0,0.0,30.0,285527613.58597493
581.0,88.0,39.0,9.0,9.0,3.0,0.0,30.0,273527613.58597493
621.0,89.0,84.0,3.0,7.0,3.0,0.0,30.0,249527613.5859749
629.0,96.0,141.0,16.0,4.0,3.0,0.0,30.0,213527613.5859749
595.0,90.0,63.0,1.0,3.0,3.0,0.0,30.0,201527613.5859749
621.0,86.0,135.0,25.0,7.0,3.0,0.0,30.0,249527613.5859749
575.0,90.0,125.0,11.0,6.0,3.0,0.0,30.0,237527613.5859749
598.0,94.0,141.0,21.0,12.0,3.0,0.0,30.0,309527613.58597493
611.0,82.0,140.0,4.0,6.0,3.0,0.0,30.0,237527613.5859749
578.0,97.0,68.0,9.0,6.0,3.0,0.0,30.0,237527613.5859749
621.0,90.0,138.0,3.0,11.0,3.0,0.0,30.0,297527613.58597493
621.0,89.0,33.0,27.0,7.0,3.0,0.0,30.0,249527613.5859749
603.0,86.0,84.0,3.0,7.0,3.0,0.0,30.0,249527613.5859749
581.0,94.0,39.0,9.0,9.0,3.0,0.0,30.0,273527613.58597493
601.0,88.0,104.0,8.0,9.0,3.0,0.0,30.0,273527613.58597493
585.0,85.0,136.0,20.0,10.0,3.0,0.0,30.0,285527613.58597493
609.0,91.0,43.0,13.0,10.0,3.0,0.0,30.0,285527613.58597493
605.0,85.0,53.0,19.0,7.0,3.0,0.0,30.0,249527613.5859749
575.0,94.0,108.0,29.0,11.0,3.0,0.0,30.0,297527613.58597493
630.0,84.0,138.0,25.0,12.0,3.0,0.0,30.0,309527613.58597493
589.0,90.0,56.0,10.0,4.0,3.0,0.0,30.0,213527613.5859749
575.0,95.0,64.0,11.0,5.0,3.0,0.0,30.0,225527613.5859749
599.0,90.0,125.0,6.0,6.0,3.0,0.0,30.0,237527613.5859749
621.0,86.0,33.0,27.0,7.0,3.0,0.0,30.0,249527613.5859749
603.0,89.0,84.0,3.0,7.0,3.0,0.0,30.0,249527613.5859749
605.0,89.0,118.0,4.0,7.0,3.0,0.0,30.0,249527613.5859749
612.0,94.0,33.0,16.0,10.0,3.0,0.0,30.0,285527613.58597493
621.0,94.0,108.0,3.0,11.0,3.0,0.0,30.0,297527613.58597493
604.0,96.0,143.0,3.0,4.0,3.0,0.0,30.0,213527613.5859749
590.0,93.0,141.0,2.0,6.0,3.0,0.0,30.0,237527613.5859749
579.0,89.0,44.0,15.0,11.0,3.0,0.0,30.0,297527613.58597493
581.0,97.0,65.0,30.0,7.0,3.0,0.0,30.0,249527613.5859749
595.0,99.0,75.0,1.0,5.0,3.0,0.0,30.0,225527613.5859749
589.0,90.0,84.0,10.0,4.0,3.0,0.0,30.0,213527613.5859749
615.0,94.0,56.0,17.0,4.0,3.0,0.0,30.0,213527613.5859749
604.0,92.0,101.0,24.0,8.0,3.0,0.0,30.0,261527613.5859749
575.0,96.0,64.0,11.0,5.0,3.0,0.0,30.0,225527613.5859749
617.0,82.0,132.0,10.0,6.0,3.0,0.0,30.0,237527613.5859749
621.0,97.0,68.0,9.0,6.0,3.0,0.0,30.0,237527613.5859749
578.0,97.0,71.0,18.0,6.0,3.0,0.0,30.0,237527613.5859749
621.0,93.0,141.0,25.0,7.0,3.0,0.0,30.0,249527613.5859749
590.0,86.0,135.0,2.0,6.0,3.0,0.0,30.0,237527613.5859749
578.0,85.0,84.0,5.0,8.0,3.0,0.0,30.0,261527613.5859749
601.0,94.0,39.0,9.0,9.0,3.0,0.0,30.0,273527613.58597493
581.0,88.0,104.0,8.0,9.0,3.0,0.0,30.0,273527613.58597493
621.0,94.0,108.0,25.0,10.0,3.0,0.0,30.0,285527613.58597493
609.0,96.0,132.0,11.0,8.0,3.0,0.0,30.0,261527613.5859749
598.0,94.0,141.0,21.0,11.0,3.0,0.0,30.0,297527613.58597493
591.0,95.0,64.0,18.0,6.0,3.0,0.0,30.0,237527613.5859749
583.0,97.0,117.0,27.0,3.0,3.0,0.0,30.0,201527613.5859749
626.0,94.0,120.0,26.0,3.0,3.0,0.0,30.0,201527613.5859749
575.0,90.0,64.0,6.0,6.0,3.0,0.0,30.0,237527613.5859749
599.0,96.0,125.0,11.0,5.0,3.0,0.0,30.0,225527613.5859749
621.0,97.0,132.0,9.0,6.0,3.0,0.0,30.0,237527613.5859749
617.0,82.0,68.0,10.0,6.0,3.0,0.0,30.0,237527613.5859749
590.0,86.0,71.0,18.0,6.0,3.0,0.0,30.0,237527613.5859749
578.0,97.0,135.0,2.0,6.0,3.0,0.0,30.0,237527613.5859749
592.0,83.0,64.0,21.0,8.0,3.0,0.0,30.0,261527613.5859749
621.0,93.0,68.0,12.0,12.0,3.0,0.0,30.0,309527613.58597493
621.0,89.0,118.0,27.0,7.0,3.0,0.0,30.0,249527613.5859749
605.0,86.0,33.0,4.0,7.0,3.0,0.0,30.0,249527613.5859749
628.0,97.0,140.0,30.0,12.0,3.0,0.0,30.0,309527613.58597493
617.0,89.0,126.0,24.0,12.0,3.0,0.0,30.0,309527613.58597493
599.0,90.0,95.0,21.0,10.0,3.0,0.0,30.0,285527613.58597493
611.0,94.0,117.0,1.0,9.0,3.0,0.0,30.0,273527613.58597493
596.0,88.0,32.0,14.0,9.0,3.0,0.0,30.0,273527613.58597493
612.0,94.0,136.0,20.0,10.0,3.0,0.0,30.0,285527613.58597493
585.0,85.0,33.0,16.0,10.0,3.0,0.0,30.0,285527613.58597493
596.0,94.0,145.0,5.0,3.0,3.0,0.0,30.0,201527613.5859749
598.0,99.0,124.0,21.0,7.0,3.0,0.0,30.0,249527613.5859749
626.0,97.0,76.0,28.0,7.0,3.0,0.0,30.0,249527613.5859749
583.0,94.0,120.0,26.0,3.0,3.0,0.0,30.0,201527613.5859749
596.0,94.0,145.0,16.0,3.0,3.0,0.0,30.0,201527613.5859749
629.0,96.0,141.0,5.0,4.0,3.0,0.0,30.0,213527613.5859749
599.0,80.0,114.0,29.0,5.0,3.0,0.0,30.0,225527613.5859749
589.0,90.0,125.0,10.0,4.0,3.0,0.0,30.0,213527613.5859749
621.0,81.0,145.0,19.0,10.0,3.0,0.0,30.0,285527613.58597493
575.0,91.0,71.0,6.0,8.0,3.0,0.0,30.0,261527613.5859749
621.0,89.0,135.0,27.0,6.0,3.0,0.0,30.0,237527613.5859749
586.0,98.0,118.0,24.0,4.0,3.0,0.0,30.0,213527613.5859749
598.0,100.0,33.0,1.0,8.0,3.0,0.0,30.0,261527613.5859749
605.0,86.0,124.0,21.0,7.0,3.0,0.0,30.0,249527613.5859749
578.0,85.0,84.0,21.0,8.0,3.0,0.0,30.0,261527613.5859749
608.0,97.0,68.0,5.0,11.0,3.0,0.0,30.0,297527613.58597493
611.0,88.0,32.0,1.0,9.0,3.0,0.0,30.0,273527613.58597493
596.0,94.0,117.0,14.0,9.0,3.0,0.0,30.0,273527613.58597493
625.0,94.0,43.0,26.0,3.0,3.0,0.0,30.0,201527613.5859749
601.0,91.0,92.0,15.0,5.0,3.0,0.0,30.0,225527613.5859749
609.0,97.0,125.0,10.0,4.0,3.0,0.0,30.0,213527613.5859749
589.0,90.0,141.0,5.0,4.0,3.0,0.0,30.0,213527613.5859749
599.0,98.0,118.0,29.0,5.0,3.0,0.0,30.0,225527613.5859749
586.0,80.0,114.0,24.0,4.0,3.0,0.0,30.0,213527613.5859749
602.0,91.0,81.0,5.0,6.0,3.0,0.0,30.0,237527613.5859749
577.0,96.0,106.0,10.0,6.0,3.0,0.0,30.0,237527613.5859749
598.0,85.0,131.0,28.0,5.0,3.0,0.0,30.0,225527613.5859749
578.0,100.0,84.0,1.0,8.0,3.0,0.0,30.0,261527613.5859749
596.0,88.0,117.0,14.0,9.0,3.0,0.0,30.0,273527613.58597493
611.0,94.0,32.0,1.0,9.0,3.0,0.0,30.0,273527613.58597493
621.0,90.0,95.0,19.0,10.0,3.0,0.0,30.0,285527613.58597493
599.0,81.0,145.0,21.0,10.0,3.0,0.0,30.0,285527613.58597493
585.0,94.0,136.0,16.0,10.0,3.0,0.0,30.0,285527613.58597493
608.0,85.0,56.0,1.0,4.0,3.0,0.0,30.0,213527613.5859749
594.0,99.0,104.0,9.0,6.0,3.0,0.0,30.0,237527613.5859749
630.0,84.0,126.0,24.0,12.0,3.0,0.0,30.0,309527613.58597493
617.0,89.0,143.0,21.0,7.0,3.0,0.0,30.0,249527613.5859749
617.0,95.0,140.0,16.0,6.0,3.0,0.0,30.0,237527613.5859749
625.0,94.0,125.0,10.0,4.0,3.0,0.0,30.0,213527613.5859749
609.0,97.0,43.0,26.0,3.0,3.0,0.0,30.0,201527613.5859749
601.0,91.0,56.0,15.0,4.0,3.0,0.0,30.0,213527613.5859749
608.0,85.0,92.0,1.0,5.0,3.0,0.0,30.0,225527613.5859749
594.0,87.0,110.0,28.0,4.0,3.0,0.0,30.0,213527613.5859749
599.0,85.0,131.0,29.0,5.0,3.0,0.0,30.0,225527613.5859749
577.0,96.0,113.0,14.0,5.0,3.0,0.0,30.0,225527613.5859749
626.0,89.0,126.0,13.0,6.0,3.0,0.0,30.0,237527613.5859749
615.0,97.0,124.0,15.0,12.0,3.0,0.0,30.0,309527613.58597493
617.0,95.0,140.0,28.0,6.0,3.0,0.0,30.0,237527613.5859749
617.0,86.0,124.0,21.0,7.0,3.0,0.0,30.0,249527613.5859749
605.0,89.0,143.0,21.0,7.0,3.0,0.0,30.0,249527613.5859749
578.0,100.0,71.0,1.0,8.0,3.0,0.0,30.0,261527613.5859749
575.0,91.0,84.0,6.0,8.0,3.0,0.0,30.0,261527613.5859749
602.0,98.0,133.0,0.0,6.0,3.0,0.0,30.0,237527613.5859749
621.0,96.0,143.0,20.0,3.0,3.0,0.0,30.0,201527613.5859749
626.0,94.0,82.0,21.0,4.0,3.0,0.0,30.0,213527613.5859749
621.0,94.0,136.0,16.0,10.0,3.0,0.0,30.0,285527613.58597493
585.0,93.0,68.0,12.0,12.0,3.0,0.0,30.0,309527613.58597493
588.0,80.0,41.0,0.0,5.0,3.0,0.0,30.0,225527613.5859749
621.0,97.0,143.0,20.0,3.0,3.0,0.0,30.0,201527613.5859749
603.0,81.0,108.0,28.0,4.0,3.0,0.0,30.0,213527613.5859749
589.0,90.0,125.0,5.0,4.0,3.0,0.0,30.0,213527613.5859749
625.0,94.0,40.0,10.0,4.0,3.0,0.0,30.0,213527613.5859749
586.0,80.0,56.0,15.0,4.0,3.0,0.0,30.0,213527613.5859749
601.0,91.0,114.0,24.0,4.0,3.0,0.0,30.0,213527613.5859749
608.0,85.0,131.0,1.0,5.0,3.0,0.0,30.0,225527613.5859749
599.0,85.0,92.0,29.0,5.0,3.0,0.0,30.0,225527613.5859749
577.0,80.0,113.0,0.0,5.0,3.0,0.0,30.0,225527613.5859749
588.0,96.0,41.0,14.0,5.0,3.0,0.0,30.0,225527613.5859749
626.0,99.0,143.0,29.0,12.0,3.0,0.0,30.0,309527613.58597493
596.0,90.0,142.0,12.0,9.0,3.0,0.0,30.0,273527613.58597493
607.0,99.0,47.0,22.0,6.0,3.0,0.0,30.0,237527613.5859749
617.0,98.0,133.0,0.0,6.0,3.0,0.0,30.0,237527613.5859749
617.0,96.0,98.0,0.0,7.0,3.0,0.0,30.0,249527613.5859749
620.0,98.0,84.0,22.0,6.0,3.0,0.0,30.0,237527613.5859749
615.0,97.0,136.0,15.0,12.0,3.0,0.0,30.0,309527613.58597493
621.0,94.0,124.0,16.0,10.0,3.0,0.0,30.0,285527613.58597493
591.0,97.0,36.0,22.0,12.0,3.0,0.0,30.0,309527613.58597493
589.0,94.0,40.0,10.0,4.0,3.0,0.0,30.0,213527613.5859749
625.0,90.0,125.0,5.0,4.0,3.0,0.0,30.0,213527613.5859749
586.0,91.0,114.0,15.0,4.0,3.0,0.0,30.0,213527613.5859749
601.0,80.0,56.0,24.0,4.0,3.0,0.0,30.0,213527613.5859749
609.0,83.0,82.0,20.0,9.0,3.0,0.0,30.0,273527613.58597493
599.0,91.0,92.0,28.0,5.0,3.0,0.0,30.0,225527613.5859749
607.0,99.0,130.0,25.0,5.0,3.0,0.0,30.0,225527613.5859749
620.0,91.0,97.0,28.0,6.0,3.0,0.0,30.0,237527613.5859749
578.0,100.0,142.0,1.0,8.0,3.0,0.0,30.0,261527613.5859749
596.0,90.0,71.0,12.0,9.0,3.0,0.0,30.0,273527613.58597493
626.0,95.0,66.0,22.0,6.0,3.0,0.0,30.0,237527613.5859749
610.0,98.0,124.0,29.0,11.0,3.0,0.0,30.0,297527613.58597493
585.0,96.0,61.0,1.0,6.0,3.0,0.0,30.0,237527613.5859749
603.0,87.0,33.0,28.0,7.0,3.0,0.0,30.0,249527613.5859749
599.0,87.0,110.0,28.0,5.0,3.0,0.0,30.0,225527613.5859749
594.0,91.0,92.0,28.0,4.0,3.0,0.0,30.0,213527613.5859749
588.0,80.0,92.0,1.0,5.0,3.0,0.0,30.0,225527613.5859749
608.0,85.0,41.0,0.0,5.0,3.0,0.0,30.0,225527613.5859749
595.0,86.0,143.0,1.0,5.0,3.0,0.0,30.0,225527613.5859749
577.0,99.0,130.0,25.0,5.0,3.0,0.0,30.0,225527613.5859749
620.0,97.0,122.0,23.0,6.0,3.0,0.0,30.0,237527613.5859749
602.0,91.0,81.0,28.0,6.0,3.0,0.0,30.0,237527613.5859749
617.0,98.0,133.0,22.0,6.0,3.0,0.0,30.0,237527613.5859749
626.0,95.0,66.0,0.0,6.0,3.0,0.0,30.0,237527613.5859749
605.0,89.0,98.0,21.0,7.0,3.0,0.0,30.0,249527613.5859749
617.0,96.0,143.0,0.0,7.0,3.0,0.0,30.0,249527613.5859749
609.0,100.0,82.0,20.0,9.0,3.0,0.0,30.0,273527613.58597493
578.0,86.0,142.0,16.0,12.0,3.0,0.0,30.0,309527613.58597493
626.0,91.0,120.0,25.0,12.0,3.0,0.0,30.0,309527613.58597493
614.0,87.0,136.0,17.0,12.0,3.0,0.0,30.0,309527613.58597493
593.0,91.0,105.0,3.0,7.0,3.0,0.0,30.0,249527613.5859749
616.0,95.0,143.0,29.0,7.0,3.0,0.0,30.0,249527613.5859749
618.0,85.0,76.0,21.0,5.0,3.0,0.0,30.0,225527613.5859749
611.0,83.0,92.0,0.0,10.0,3.0,0.0,30.0,285527613.58597493
620.0,88.0,133.0,6.0,6.0,3.0,0.0,30.0,237527613.5859749
588.0,83.0,47.0,14.0,11.0,3.0,0.0,30.0,297527613.58597493
613.0,80.0,101.0,19.0,6.0,3.0,0.0,30.0,237527613.5859749
590.0,80.0,48.0,21.0,5.0,3.0,0.0,30.0,225527613.5859749
586.0,87.0,89.0,16.0,4.0,3.0,0.0,30.0,213527613.5859749
604.0,94.0,127.0,11.0,11.0,3.0,0.0,30.0,297527613.58597493
597.0,97.0,144.0,5.0,11.0,3.0,0.0,30.0,297527613.58597493
627.0,90.0,67.0,23.0,3.0,3.0,0.0,30.0,201527613.5859749
624.0,97.0,147.0,25.0,8.0,3.0,0.0,30.0,261527613.5859749
627.0,82.0,35.0,8.0,9.0,3.0,0.0,30.0,273527613.58597493
620.0,97.0,45.0,2.0,3.0,3.0,0.0,30.0,201527613.5859749
629.0,88.0,93.0,14.0,9.0,3.0,0.0,30.0,273527613.58597493
626.0,99.0,37.0,0.0,3.0,3.0,0.0,30.0,201527613.5859749
584.0,90.0,113.0,18.0,5.0,3.0,0.0,30.0,225527613.5859749
600.0,90.0,42.0,20.0,9.0,3.0,0.0,30.0,273527613.58597493
607.0,97.0,30.0,18.0,10.0,3.0,0.0,30.0,285527613.58597493
600.0,98.0,121.0,17.0,5.0,3.0,0.0,30.0,225527613.5859749
579.0,92.0,111.0,18.0,4.0,3.0,0.0,30.0,213527613.5859749
596.0,94.0,103.0,9.0,10.0,3.0,0.0,30.0,285527613.58597493
602.0,93.0,111.0,12.0,7.0,3.0,0.0,30.0,249527613.5859749
597.0,85.0,128.0,21.0,3.0,3.0,0.0,30.0,201527613.5859749
584.0,83.0,108.0,13.0,6.0,3.0,0.0,30.0,237527613.5859749
628.0,93.0,55.0,13.0,10.0,3.0,0.0,30.0,285527613.58597493
623.0,98.0,31.0,19.0,6.0,3.0,0.0,30.0,237527613.5859749
603.0,91.0,120.0,9.0,5.0,3.0,0.0,30.0,225527613.5859749
577.0,85.0,87.0,0.0,7.0,3.0,0.0,30.0,249527613.5859749
624.0,93.0,106.0,16.0,7.0,3.0,0.0,30.0,249527613.5859749
610.0,81.0,58.0,13.0,9.0,3.0,0.0,30.0,273527613.58597493
582.0,98.0,92.0,7.0,11.0,3.0,0.0,30.0,297527613.58597493
590.0,86.0,121.0,1.0,3.0,3.0,0.0,30.0,201527613.5859749
595.0,94.0,43.0,17.0,3.0,3.0,0.0,30.0,201527613.5859749
611.0,90.0,36.0,3.0,5.0,3.0,0.0,30.0,225527613.5859749
623.0,88.0,101.0,2.0,6.0,3.0,0.0,30.0,237527613.5859749
578.0,84.0,140.0,22.0,7.0,3.0,0.0,30.0,249527613.5859749
612.0,99.0,127.0,20.0,8.0,3.0,0.0,30.0,261527613.5859749
596.0,83.0,102.0,25.0,11.0,3.0,0.0,30.0,297527613.58597493
582.0,98.0,55.0,9.0,8.0,3.0,0.0,30.0,261527613.5859749
594.0,82.0,31.0,22.0,5.0,3.0,0.0,30.0,225527613.5859749
580.0,91.0,126.0,26.0,10.0,3.0,0.0,30.0,285527613.58597493
626.0,93.0,86.0,7.0,6.0,3.0,0.0,30.0,237527613.5859749
621.0,87.0,86.0,5.0,8.0,3.0,0.0,30.0,261527613.5859749
619.0,90.0,91.0,0.0,10.0,3.0,0.0,30.0,285527613.58597493
620.0,82.0,134.0,5.0,4.0,3.0,0.0,30.0,213527613.5859749
628.0,96.0,72.0,21.0,4.0,3.0,0.0,30.0,213527613.5859749
604.0,96.0,101.0,28.0,9.0,3.0,0.0,30.0,273527613.58597493
585.0,88.0,140.0,22.0,8.0,3.0,0.0,30.0,261527613.5859749
620.0,90.0,45.0,23.0,3.0,3.0,0.0,30.0,201527613.5859749
627.0,97.0,67.0,2.0,3.0,3.0,0.0,30.0,201527613.5859749
626.0,94.0,71.0,17.0,6.0,3.0,0.0,30.0,237527613.5859749
597.0,99.0,128.0,0.0,3.0,3.0,0.0,30.0,201527613.5859749
603.0,93.0,105.0,16.0,3.0,3.0,0.0,30.0,201527613.5859749
595.0,91.0,43.0,20.0,12.0,3.0,0.0,30.0,309527613.58597493
586.0,87.0,111.0,18.0,4.0,3.0,0.0,30.0,213527613.5859749
615.0,92.0,42.0,18.0,5.0,3.0,0.0,30.0,225527613.5859749
595.0,91.0,124.0,9.0,4.0,3.0,0.0,30.0,213527613.5859749
605.0,90.0,36.0,12.0,5.0,3.0,0.0,30.0,225527613.5859749
594.0,82.0,133.0,22.0,5.0,3.0,0.0,30.0,225527613.5859749
620.0,88.0,31.0,6.0,6.0,3.0,0.0,30.0,237527613.5859749
589.0,84.0,60.0,19.0,5.0,3.0,0.0,30.0,225527613.5859749
604.0,85.0,31.0,8.0,6.0,3.0,0.0,30.0,237527613.5859749
593.0,93.0,105.0,3.0,7.0,3.0,0.0,30.0,249527613.5859749
626.0,91.0,81.0,5.0,12.0,3.0,100.0,16.03673812721113,309527613.58597493
616.0,95.0,111.0,29.0,7.0,3.0,0.0,30.0,249527613.5859749
602.0,93.0,143.0,12.0,7.0,3.0,0.0,30.0,249527613.5859749
624.0,93.0,106.0,0.0,7.0,3.0,0.0,30.0,249527613.5859749
577.0,85.0,87.0,16.0,7.0,3.0,0.0,30.0,249527613.5859749
624.0,97.0,140.0,22.0,8.0,3.0,0.0,30.0,261527613.5859749
578.0,84.0,147.0,25.0,7.0,3.0,0.0,30.0,249527613.5859749
612.0,99.0,127.0,9.0,8.0,3.0,0.0,30.0,261527613.5859749
596.0,88.0,139.0,28.0,4.0,3.0,0.0,30.0,213527613.5859749
621.0,88.0,86.0,22.0,8.0,3.0,0.0,30.0,261527613.5859749
595.0,87.0,81.0,5.0,9.0,3.0,0.0,30.0,273527613.58597493
624.0,84.0,89.0,30.0,9.0,3.0,0.0,30.0,273527613.58597493
589.0,87.0,148.0,10.0,6.0,3.0,0.0,30.0,237527613.5859749
610.0,81.0,58.0,20.0,9.0,3.0,0.0,30.0,273527613.58597493
600.0,90.0,42.0,13.0,9.0,3.0,0.0,30.0,273527613.58597493
604.0,94.0,100.0,24.0,4.0,3.0,0.0,30.0,213527613.5859749
611.0,96.0,92.0,28.0,10.0,3.0,0.0,30.0,285527613.58597493
599.0,100.0,127.0,27.0,11.0,3.0,0.0,30.0,297527613.58597493
607.0,95.0,108.0,23.0,12.0,3.0,0.0,30.0,309527613.58597493
619.0,83.0,91.0,14.0,11.0,3.0,0.0,30.0,297527613.58597493
588.0,90.0,89.0,19.0,7.0,3.0,0.0,30.0,249527613.5859749
596.0,83.0,102.0,11.0,11.0,3.0,0.0,30.0,297527613.58597493
604.0,94.0,127.0,25.0,11.0,3.0,0.0,30.0,297527613.58597493
582.0,97.0,92.0,5.0,11.0,3.0,0.0,30.0,297527613.58597493
597.0,98.0,99.0,7.0,11.0,3.0,0.0,30.0,297527613.58597493
627.0,97.0,45.0,2.0,3.0,3.0,0.0,30.0,201527613.5859749
606.0,90.0,92.0,23.0,10.0,3.0,0.0,30.0,285527613.58597493
603.0,93.0,128.0,0.0,3.0,3.0,0.0,30.0,201527613.5859749
597.0,99.0,105.0,16.0,3.0,3.0,0.0,30.0,201527613.5859749
586.0,87.0,111.0,5.0,12.0,3.0,0.0,30.0,309527613.58597493
626.0,91.0,81.0,18.0,4.0,3.0,0.0,30.0,213527613.5859749
585.0,97.0,75.0,1.0,9.0,3.0,0.0,30.0,273527613.58597493
592.0,98.0,149.0,18.0,3.0,3.0,0.0,30.0,201527613.5859749
590.0,85.0,76.0,21.0,5.0,3.0,0.0,30.0,225527613.5859749
618.0,80.0,48.0,21.0,5.0,3.0,0.0,30.0,225527613.5859749
584.0,84.0,113.0,7.0,12.0,3.0,0.0,30.0,309527613.58597493
589.0,84.0,71.0,17.0,5.0,3.0,0.0,30.0,225527613.5859749
626.0,94.0,60.0,19.0,6.0,3.0,0.0,30.0,237527613.5859749
613.0,88.0,101.0,19.0,6.0,3.0,0.0,30.0,237527613.5859749
620.0,80.0,31.0,6.0,6.0,3.0,0.0,30.0,237527613.5859749
604.0,88.0,101.0,2.0,6.0,3.0,0.0,30.0,237527613.5859749
623.0,85.0,31.0,8.0,6.0,3.0,0.0,30.0,237527613.5859749
620.0,83.0,72.0,17.0,10.0,3.0,0.0,30.0,285527613.58597493
593.0,87.0,105.0,10.0,6.0,3.0,0.0,30.0,237527613.5859749
602.0,80.0,111.0,20.0,7.0,3.0,0.0,30.0,249527613.5859749
616.0,95.0,143.0,12.0,7.0,3.0,0.0,30.0,249527613.5859749
577.0,93.0,106.0,16.0,7.0,3.0,0.0,30.0,249527613.5859749
608.0,85.0,97.0,27.0,10.0,3.0,0.0,30.0,285527613.58597493
588.0,84.0,89.0,19.0,7.0,3.0,0.0,30.0,249527613.5859749
578.0,90.0,147.0,25.0,7.0,3.0,0.0,30.0,249527613.5859749
611.0,90.0,92.0,28.0,9.0,3.0,0.0,30.0,273527613.58597493
600.0,96.0,42.0,13.0,10.0,3.0,0.0,30.0,285527613.58597493
580.0,93.0,126.0,13.0,10.0,3.0,0.0,30.0,285527613.58597493
622.0,82.0,98.0,5.0,6.0,3.0,0.0,30.0,237527613.5859749
599.0,83.0,91.0,14.0,11.0,3.0,0.0,30.0,297527613.58597493
619.0,100.0,127.0,27.0,11.0,3.0,0.0,30.0,297527613.58597493
620.0,100.0,115.0,12.0,3.0,3.0,0.0,30.0,201527613.5859749
604.0,89.0,84.0,7.0,3.0,3.0,0.0,30.0,201527613.5859749
582.0,97.0,128.0,21.0,9.0,3.0,0.0,30.0,273527613.58597493
603.0,93.0,45.0,2.0,3.0,3.0,0.0,30.0,201527613.5859749
627.0,97.0,128.0,0.0,3.0,3.0,0.0,30.0,201527613.5859749
622.0,83.0,33.0,24.0,3.0,3.0,0.0,30.0,201527613.5859749
597.0,99.0,149.0,18.0,3.0,3.0,0.0,30.0,201527613.5859749
621.0,80.0,114.0,22.0,6.0,3.0,0.0,30.0,237527613.5859749
620.0,89.0,115.0,12.0,3.0,3.0,0.0,30.0,201527613.5859749
626.0,87.0,84.0,17.0,3.0,3.0,0.0,30.0,201527613.5859749
620.0,91.0,81.0,18.0,4.0,3.0,0.0,30.0,213527613.5859749
596.0,91.0,124.0,28.0,4.0,3.0,0.0,30.0,213527613.5859749
595.0,88.0,139.0,9.0,4.0,3.0,0.0,30.0,213527613.5859749
590.0,85.0,76.0,21.0,4.0,3.0,0.0,30.0,213527613.5859749
604.0,94.0,100.0,24.0,5.0,3.0,0.0,30.0,225527613.5859749
600.0,80.0,121.0,17.0,5.0,3.0,0.0,30.0,225527613.5859749
618.0,98.0,48.0,21.0,5.0,3.0,0.0,30.0,225527613.5859749
594.0,82.0,36.0,12.0,5.0,3.0,0.0,30.0,225527613.5859749
617.0,85.0,144.0,28.0,5.0,3.0,0.0,30.0,225527613.5859749
614.0,80.0,142.0,18.0,11.0,3.0,0.0,30.0,297527613.58597493
620.0,88.0,101.0,6.0,6.0,3.0,0.0,30.0,237527613.5859749
623.0,85.0,31.0,2.0,6.0,3.0,0.0,30.0,237527613.5859749
604.0,88.0,101.0,8.0,6.0,3.0,0.0,30.0,237527613.5859749
593.0,87.0,98.0,5.0,6.0,3.0,0.0,30.0,237527613.5859749
622.0,82.0,105.0,10.0,6.0,3.0,0.0,30.0,237527613.5859749
616.0,95.0,117.0,22.0,6.0,3.0,0.0,30.0,237527613.5859749
578.0,90.0,147.0,25.0,8.0,3.0,0.0,30.0,261527613.5859749
612.0,99.0,127.0,9.0,7.0,3.0,0.0,30.0,249527613.5859749
624.0,88.0,140.0,22.0,8.0,3.0,0.0,30.0,261527613.5859749
621.0,97.0,86.0,22.0,8.0,3.0,0.0,30.0,261527613.5859749
585.0,87.0,75.0,5.0,9.0,3.0,0.0,30.0,273527613.58597493
595.0,97.0,81.0,1.0,9.0,3.0,0.0,30.0,273527613.58597493
624.0,84.0,95.0,6.0,9.0,3.0,0.0,30.0,273527613.58597493
610.0,81.0,89.0,30.0,9.0,3.0,0.0,30.0,273527613.58597493
582.0,97.0,92.0,28.0,9.0,3.0,0.0,30.0,273527613.58597493
589.0,95.0,128.0,12.0,7.0,3.0,0.0,30.0,249527613.5859749
619.0,82.0,69.0,3.0,10.0,3.0,0.0,30.0,285527613.58597493
629.0,83.0,55.0,14.0,8.0,3.0,0.0,30.0,261527613.5859749
630.0,100.0,32.0,3.0,12.0,3.0,0.0,30.0,309527613.58597493
615.0,94.0,127.0,25.0,3.0,3.0,0.0,30.0,201527613.5859749
584.0,84.0,43.0,20.0,12.0,3.0,0.0,30.0,309527613.58597493
595.0,91.0,113.0,7.0,12.0,3.0,0.0,30.0,309527613.58597493
603.0,97.0,128.0,0.0,3.0,3.0,0.0,30.0,201527613.5859749
627.0,93.0,45.0,2.0,3.0,3.0,0.0,30.0,201527613.5859749
600.0,93.0,134.0,28.0,5.0,3.0,0.0,30.0,225527613.5859749
626.0,87.0,115.0,12.0,3.0,3.0,0.0,30.0,201527613.5859749
607.0,91.0,88.0,17.0,4.0,3.0,0.0,30.0,213527613.5859749
604.0,85.0,76.0,24.0,4.0,3.0,0.0,30.0,213527613.5859749
590.0,94.0,100.0,21.0,5.0,3.0,0.0,30.0,225527613.5859749
605.0,89.0,81.0,16.0,11.0,3.0,0.0,30.0,297527613.58597493
617.0,85.0,36.0,28.0,5.0,3.0,0.0,30.0,225527613.5859749
594.0,82.0,144.0,12.0,5.0,3.0,0.0,30.0,225527613.5859749
604.0,85.0,31.0,2.0,6.0,3.0,0.0,30.0,237527613.5859749
623.0,88.0,101.0,8.0,6.0,3.0,0.0,30.0,237527613.5859749
593.0,82.0,105.0,10.0,6.0,3.0,0.0,30.0,237527613.5859749
618.0,99.0,82.0,18.0,4.0,3.0,0.0,30.0,213527613.5859749
619.0,84.0,117.0,28.0,3.0,3.0,0.0,30.0,201527613.5859749
602.0,92.0,111.0,13.0,11.0,3.0,0.0,30.0,297527613.58597493
588.0,93.0,45.0,19.0,12.0,3.0,0.0,30.0,309527613.58597493
613.0,97.0,127.0,12.0,6.0,3.0,0.0,30.0,237527613.5859749
612.0,99.0,128.0,9.0,7.0,3.0,0.0,30.0,249527613.5859749
581.0,98.0,87.0,7.0,8.0,3.0,0.0,30.0,261527613.5859749
629.0,83.0,55.0,22.0,8.0,3.0,0.0,30.0,261527613.5859749
621.0,97.0,86.0,14.0,8.0,3.0,0.0,30.0,261527613.5859749
598.0,85.0,35.0,12.0,10.0,3.0,0.0,30.0,285527613.58597493
606.0,97.0,92.0,23.0,9.0,3.0,0.0,30.0,273527613.58597493
619.0,82.0,42.0,3.0,10.0,3.0,0.0,30.0,285527613.58597493
600.0,96.0,69.0,13.0,10.0,3.0,0.0,30.0,285527613.58597493
630.0,80.0,142.0,18.0,11.0,3.0,0.0,30.0,297527613.58597493
614.0,100.0,32.0,3.0,12.0,3.0,0.0,30.0,309527613.58597493
607.0,84.0,108.0,20.0,12.0,3.0,0.0,30.0,309527613.58597493
584.0,95.0,43.0,23.0,12.0,3.0,0.0,30.0,309527613.58597493
597.0,88.0,47.0,16.0,11.0,3.0,0.0,30.0,297527613.58597493
619.0,91.0,117.0,17.0,3.0,3.0,0.0,30.0,201527613.5859749
607.0,84.0,88.0,28.0,4.0,3.0,0.0,30.0,213527613.5859749
609.0,95.0,80.0,7.0,10.0,3.0,0.0,30.0,285527613.58597493
595.0,91.0,139.0,28.0,4.0,3.0,0.0,30.0,213527613.5859749
588.0,92.0,36.0,12.0,3.0,3.0,0.0,30.0,201527613.5859749
590.0,93.0,134.0,21.0,5.0,3.0,0.0,30.0,225527613.5859749
600.0,94.0,100.0,28.0,5.0,3.0,0.0,30.0,225527613.5859749
577.0,92.0,35.0,17.0,5.0,3.0,0.0,30.0,225527613.5859749
617.0,80.0,121.0,28.0,5.0,3.0,0.0,30.0,225527613.5859749
589.0,84.0,71.0,12.0,5.0,3.0,0.0,30.0,225527613.5859749
594.0,82.0,144.0,17.0,5.0,3.0,0.0,30.0,225527613.5859749
620.0,85.0,31.0,2.0,6.0,3.0,0.0,30.0,237527613.5859749
604.0,88.0,101.0,6.0,6.0,3.0,0.0,30.0,237527613.5859749
594.0,81.0,105.0,8.0,7.0,3.0,0.0,30.0,249527613.5859749
593.0,88.0,101.0,10.0,6.0,3.0,0.0,30.0,237527613.5859749
612.0,90.0,128.0,25.0,7.0,3.0,0.0,30.0,249527613.5859749
578.0,99.0,147.0,9.0,8.0,3.0,0.0,30.0,261527613.5859749
629.0,83.0,87.0,22.0,8.0,3.0,0.0,30.0,261527613.5859749
581.0,86.0,114.0,11.0,12.0,3.0,0.0,30.0,309527613.58597493
624.0,97.0,81.0,6.0,9.0,3.0,0.0,30.0,273527613.58597493
595.0,95.0,30.0,1.0,11.0,3.0,0.0,30.0,297527613.58597493
582.0,88.0,121.0,27.0,4.0,3.0,0.0,30.0,213527613.5859749
600.0,97.0,92.0,23.0,7.0,3.0,0.0,30.0,249527613.5859749
598.0,83.0,72.0,12.0,10.0,3.0,0.0,30.0,285527613.58597493
620.0,85.0,35.0,17.0,10.0,3.0,0.0,30.0,285527613.58597493
608.0,96.0,113.0,27.0,7.0,3.0,0.0,30.0,249527613.5859749
600.0,89.0,69.0,16.0,10.0,3.0,0.0,30.0,285527613.58597493
605.0,96.0,81.0,13.0,11.0,3.0,0.0,30.0,297527613.58597493
583.0,80.0,98.0,17.0,7.0,3.0,0.0,30.0,249527613.5859749
588.0,89.0,118.0,28.0,4.0,3.0,0.0,30.0,213527613.5859749
584.0,95.0,45.0,19.0,12.0,3.0,0.0,30.0,309527613.58597493
607.0,81.0,128.0,20.0,6.0,3.0,0.0,30.0,237527613.5859749
586.0,87.0,0.0,21.0,11.0,11.0,0.0,30.0,361155851.76379305
581.0,93.0,165.0,1.0,8.0,8.0,0.0,30.0,303161471.7257278
604.0,92.0,67.0,25.0,9.0,9.0,100.0,14.55258107596933,322669011.9494713
625.0,95.0,27.0,33.0,11.0,5.0,0.0,30.0,315224211.97029614
586.0,87.0,0.0,21.0,5.0,5.0,0.0,30.0,243224211.9702961
589.0,95.0,42.0,13.0,10.0,10.0,100.0,12.66094033176392,341993362.57114446
628.0,99.0,96.0,6.0,3.0,3.0,0.0,30.0,201527613.5859749
625.0,99.0,120.0,17.0,11.0,5.0,0.0,30.0,315224211.97029614
627.0,85.0,97.0,28.0,9.0,9.0,0.0,30.0,322669011.9494713
591.0,85.0,92.0,3.0,6.0,3.0,0.0,30.0,237527613.5859749
624.0,83.0,72.0,16.0,8.0,5.0,0.0,30.0,279224211.97029614
605.0,97.0,116.0,27.0,10.0,10.0,0.0,30.0,341993362.57114446
628.0,80.0,81.0,13.0,8.0,6.0,0.0,30.0,287480502.16837484
610.0,86.0,85.0,24.0,5.0,3.0,0.0,30.0,225527613.5859749
626.0,91.0,78.0,10.0,3.0,3.0,0.0,30.0,201527613.5859749
577.0,98.0,74.0,11.0,5.0,5.0,0.0,30.0,243224211.9702961
604.0,87.0,84.0,1.0,6.0,6.0,0.0,30.0,263480502.16837484
581.0,93.0,165.0,1.0,5.0,5.0,0.0,30.0,243224211.9702961
591.0,99.0,57.0,2.0,3.0,3.0,0.0,30.0,201527613.5859749
582.0,93.0,131.0,2.0,10.0,8.0,0.0,30.0,327161471.7257278
581.0,93.0,95.0,25.0,11.0,11.0,100.0,13.883075754046716,361155851.76379305
616.0,94.0,146.0,2.0,4.0,3.0,0.0,30.0,213527613.5859749
581.0,93.0,165.0,1.0,9.0,9.0,0.0,30.0,322669011.9494713
593.0,82.0,123.0,0.0,3.0,3.0,0.0,30.0,201527613.5859749
618.0,94.0,0.0,36.0,9.0,9.0,0.0,30.0,322669011.9494713
607.0,99.0,101.0,11.0,6.0,6.0,0.0,30.0,263480502.16837484
616.0,97.0,103.0,26.0,10.0,10.0,0.0,30.0,341993362.57114446
593.0,93.0,98.0,30.0,8.0,3.0,0.0,30.0,261527613.5859749
628.0,91.0,78.0,10.0,3.0,3.0,0.0,30.0,201527613.5859749
582.0,86.0,115.0,2.0,7.0,7.0,0.0,30.0,283443713.7207278
616.0,94.0,105.0,19.0,8.0,5.0,0.0,30.0,279224211.97029614
591.0,86.0,92.0,3.0,6.0,3.0,0.0,30.0,237527613.5859749
621.0,83.0,58.0,12.0,7.0,5.0,0.0,30.0,267224211.9702961
586.0,98.0,0.0,21.0,5.0,5.0,0.0,30.0,243224211.9702961
611.0,87.0,75.0,29.0,8.0,4.0,0.0,30.0,270607328.8859749
581.0,83.0,165.0,1.0,8.0,5.0,0.0,30.0,279224211.97029614
624.0,93.0,72.0,16.0,5.0,5.0,0.0,30.0,243224211.9702961
604.0,80.0,81.0,13.0,6.0,6.0,0.0,30.0,263480502.16837484
628.0,97.0,84.0,27.0,3.0,3.0,0.0,30.0,201527613.5859749
581.0,85.0,97.0,28.0,9.0,9.0,0.0,30.0,322669011.9494713
627.0,93.0,165.0,1.0,9.0,9.0,100.0,14.290110694819788,322669011.9494713
600.0,97.0,126.0,11.0,9.0,4.0,0.0,30.0,282607328.8859749
618.0,94.0,116.0,36.0,10.0,10.0,0.0,30.0,341993362.57114446
627.0,81.0,78.0,29.0,3.0,3.0,0.0,30.0,201527613.5859749
617.0,91.0,57.0,20.0,3.0,3.0,0.0,30.0,201527613.5859749
624.0,85.0,132.0,28.0,4.0,4.0,0.0,30.0,222607328.8859749
593.0,93.0,165.0,10.0,3.0,3.0,0.0,30.0,201527613.5859749
593.0,87.0,75.0,29.0,8.0,3.0,0.0,30.0,261527613.5859749
614.0,86.0,98.0,26.0,7.0,7.0,0.0,30.0,283443713.7207278
590.0,80.0,61.0,8.0,9.0,5.0,0.0,30.0,291224211.97029614
624.0,93.0,72.0,16.0,7.0,5.0,0.0,30.0,267224211.9702961
588.0,84.0,100.0,4.0,9.0,9.0,0.0,30.0,322669011.9494713
625.0,99.0,27.0,33.0,11.0,5.0,0.0,30.0,315224211.97029614
625.0,95.0,120.0,17.0,11.0,5.0,0.0,30.0,315224211.97029614
584.0,93.0,81.0,12.0,11.0,10.0,100.0,13.444251934548507,353993362.57114446
607.0,99.0,101.0,13.0,6.0,6.0,0.0,30.0,263480502.16837484
581.0,85.0,97.0,2.0,10.0,8.0,0.0,30.0,327161471.7257278
593.0,85.0,66.0,10.0,8.0,8.0,0.0,30.0,303161471.7257278
584.0,93.0,165.0,10.0,11.0,3.0,0.0,30.0,297527613.58597493
593.0,87.0,95.0,25.0,11.0,11.0,0.0,30.0,361155851.76379305
581.0,93.0,75.0,29.0,8.0,3.0,0.0,30.0,261527613.5859749
624.0,97.0,132.0,11.0,9.0,4.0,0.0,30.0,282607328.8859749
600.0,85.0,126.0,28.0,4.0,4.0,0.0,30.0,222607328.8859749
624.0,98.0,0.0,21.0,5.0,5.0,0.0,30.0,243224211.9702961
628.0,94.0,72.0,9.0,7.0,4.0,0.0,30.0,258607328.8859749
606.0,100.0,106.0,7.0,11.0,11.0,0.0,30.0,361155851.76379305
625.0,81.0,128.0,16.0,5.0,5.0,0.0,30.0,243224211.9702961
614.0,99.0,98.0,26.0,6.0,6.0,0.0,30.0,263480502.16837484
607.0,86.0,101.0,13.0,7.0,7.0,0.0,30.0,283443713.7207278
581.0,86.0,148.0,2.0,5.0,4.0,0.0,30.0,234607328.8859749
582.0,86.0,165.0,1.0,8.0,8.0,0.0,30.0,303161471.7257278
623.0,84.0,49.0,11.0,7.0,3.0,0.0,30.0,249527613.5859749
586.0,85.0,105.0,29.0,5.0,5.0,0.0,30.0,243224211.9702961
586.0,87.0,81.0,10.0,12.0,8.0,0.0,30.0,351161471.7257278
618.0,87.0,0.0,21.0,11.0,10.0,0.0,30.0,353993362.57114446
623.0,93.0,75.0,11.0,8.0,3.0,0.0,30.0,261527613.5859749
581.0,84.0,49.0,29.0,7.0,3.0,0.0,30.0,249527613.5859749
600.0,93.0,165.0,28.0,11.0,3.0,0.0,30.0,297527613.58597493
584.0,85.0,126.0,10.0,4.0,4.0,0.0,30.0,222607328.8859749
588.0,82.0,139.0,27.0,8.0,5.0,0.0,30.0,279224211.97029614
624.0,97.0,0.0,11.0,9.0,4.0,0.0,30.0,282607328.8859749
624.0,98.0,132.0,21.0,5.0,5.0,0.0,30.0,243224211.9702961
625.0,85.0,105.0,29.0,5.0,5.0,0.0,30.0,243224211.9702961
586.0,81.0,128.0,16.0,5.0,5.0,0.0,30.0,243224211.9702961
581.0,83.0,27.0,1.0,11.0,5.0,0.0,30.0,315224211.97029614
625.0,99.0,165.0,33.0,8.0,5.0,0.0,30.0,279224211.97029614
614.0,86.0,101.0,26.0,7.0,6.0,0.0,30.0,275480502.16837484
581.0,85.0,97.0,1.0,10.0,8.0,0.0,30.0,327161471.7257278
613.0,86.0,52.0,4.0,12.0,5.0,0.0,30.0,327224211.97029614
586.0,97.0,103.0,26.0,10.0,8.0,100.0,12.999343338292228,327161471.7257278
616.0,87.0,81.0,10.0,12.0,10.0,0.0,30.0,365993362.57114446
618.0,87.0,95.0,7.0,5.0,3.0,0.0,30.0,225527613.5859749
593.0,87.0,0.0,25.0,11.0,10.0,0.0,30.0,353993362.57114446
580.0,90.0,129.0,16.0,11.0,4.0,0.0,30.0,306607328.8859749
627.0,81.0,57.0,29.0,3.0,3.0,0.0,30.0,201527613.5859749
617.0,91.0,78.0,20.0,3.0,3.0,0.0,30.0,201527613.5859749
597.0,99.0,106.0,2.0,12.0,3.0,0.0,30.0,309527613.58597493
582.0,83.0,138.0,11.0,12.0,11.0,0.0,30.0,373155851.76379305
623.0,93.0,75.0,29.0,8.0,3.0,0.0,30.0,261527613.5859749
586.0,99.0,41.0,15.0,10.0,5.0,0.0,30.0,303224211.97029614
600.0,85.0,165.0,28.0,11.0,3.0,0.0,30.0,297527613.58597493
626.0,97.0,69.0,6.0,8.0,4.0,0.0,30.0,270607328.8859749
625.0,91.0,148.0,11.0,4.0,4.0,0.0,30.0,222607328.8859749
630.0,92.0,98.0,29.0,5.0,5.0,0.0,30.0,243224211.9702961
606.0,92.0,79.0,33.0,7.0,7.0,0.0,30.0,283443713.7207278
625.0,99.0,165.0,27.0,8.0,5.0,0.0,30.0,279224211.97029614
576.0,100.0,142.0,25.0,4.0,4.0,0.0,30.0,222607328.8859749
581.0,85.0,97.0,1.0,10.0,6.0,0.0,30.0,311480502.16837484
607.0,95.0,39.0,6.0,4.0,4.0,0.0,30.0,222607328.8859749
610.0,83.0,46.0,21.0,6.0,4.0,0.0,30.0,246607328.8859749
617.0,81.0,57.0,29.0,3.0,3.0,0.0,30.0,201527613.5859749
627.0,91.0,78.0,20.0,3.0,3.0,0.0,30.0,201527613.5859749
601.0,83.0,86.0,10.0,12.0,8.0,0.0,30.0,351161471.7257278
600.0,93.0,75.0,29.0,11.0,3.0,0.0,30.0,297527613.58597493
625.0,91.0,148.0,11.0,4.0,3.0,0.0,30.0,213527613.5859749
597.0,82.0,71.0,13.0,3.0,3.0,0.0,30.0,201527613.5859749
608.0,90.0,113.0,10.0,4.0,4.0,0.0,30.0,222607328.8859749
626.0,97.0,131.0,14.0,8.0,4.0,0.0,30.0,270607328.8859749
594.0,83.0,110.0,14.0,3.0,3.0,0.0,30.0,201527613.5859749
591.0,85.0,102.0,21.0,7.0,6.0,0.0,30.0,275480502.16837484
580.0,90.0,129.0,16.0,5.0,5.0,0.0,30.0,243224211.9702961
586.0,81.0,98.0,29.0,5.0,5.0,0.0,30.0,243224211.9702961
630.0,92.0,128.0,16.0,5.0,5.0,100.0,24.798790912423737,243224211.9702961
620.0,81.0,58.0,28.0,3.0,3.0,0.0,30.0,201527613.5859749
581.0,85.0,92.0,18.0,5.0,5.0,0.0,30.0,243224211.9702961
613.0,86.0,52.0,4.0,12.0,6.0,0.0,30.0,335480502.16837484
593.0,92.0,0.0,25.0,11.0,10.0,0.0,30.0,353993362.57114446
606.0,87.0,79.0,33.0,7.0,7.0,0.0,30.0,283443713.7207278
616.0,87.0,110.0,14.0,6.0,6.0,0.0,30.0,263480502.16837484
596.0,81.0,95.0,3.0,12.0,6.0,0.0,30.0,335480502.16837484
601.0,87.0,122.0,0.0,5.0,5.0,0.0,30.0,243224211.9702961
617.0,81.0,138.0,27.0,12.0,6.0,0.0,30.0,335480502.16837484
599.0,96.0,40.0,20.0,3.0,3.0,0.0,30.0,201527613.5859749
578.0,88.0,131.0,13.0,8.0,8.0,0.0,30.0,303161471.7257278
582.0,81.0,134.0,26.0,3.0,3.0,0.0,30.0,201527613.5859749
580.0,80.0,63.0,7.0,6.0,6.0,0.0,30.0,263480502.16837484
608.0,90.0,39.0,6.0,4.0,4.0,0.0,30.0,222607328.8859749
607.0,95.0,113.0,10.0,4.0,4.0,0.0,30.0,222607328.8859749
616.0,82.0,131.0,11.0,8.0,8.0,0.0,30.0,303161471.7257278
625.0,87.0,122.0,27.0,5.0,5.0,0.0,30.0,243224211.9702961
593.0,99.0,118.0,0.0,3.0,3.0,0.0,30.0,201527613.5859749
604.0,97.0,135.0,28.0,4.0,4.0,0.0,30.0,222607328.8859749
617.0,81.0,37.0,29.0,5.0,5.0,0.0,30.0,243224211.9702961
602.0,81.0,135.0,33.0,10.0,7.0,0.0,30.0,319443713.7207278
593.0,83.0,0.0,11.0,12.0,10.0,0.0,30.0,365993362.57114446
582.0,92.0,138.0,25.0,11.0,11.0,100.0,12.000483694800378,361155851.76379305
613.0,88.0,50.0,5.0,3.0,3.0,0.0,30.0,201527613.5859749
594.0,96.0,40.0,20.0,3.0,3.0,0.0,30.0,201527613.5859749
599.0,83.0,110.0,14.0,3.0,3.0,0.0,30.0,201527613.5859749
589.0,88.0,49.0,0.0,9.0,9.0,0.0,30.0,322669011.9494713
630.0,88.0,50.0,5.0,5.0,3.0,0.0,30.0,225527613.5859749
625.0,91.0,138.0,11.0,11.0,3.0,0.0,30.0,297527613.58597493
608.0,90.0,39.0,10.0,4.0,4.0,0.0,30.0,222607328.8859749
607.0,95.0,113.0,6.0,4.0,4.0,0.0,30.0,222607328.8859749
588.0,97.0,35.0,5.0,5.0,4.0,0.0,30.0,234607328.8859749
579.0,90.0,33.0,29.0,11.0,8.0,0.0,30.0,339161471.7257278
586.0,85.0,92.0,18.0,5.0,5.0,0.0,30.0,243224211.9702961
581.0,81.0,98.0,29.0,5.0,5.0,0.0,30.0,243224211.9702961
617.0,81.0,37.0,27.0,5.0,5.0,0.0,30.0,243224211.9702961
625.0,87.0,122.0,29.0,5.0,5.0,0.0,30.0,243224211.9702961
580.0,85.0,102.0,7.0,6.0,6.0,0.0,30.0,263480502.16837484
591.0,80.0,63.0,21.0,7.0,6.0,0.0,30.0,275480502.16837484
602.0,87.0,57.0,5.0,12.0,6.0,0.0,30.0,335480502.16837484
602.0,88.0,135.0,33.0,8.0,7.0,0.0,30.0,295443713.7207278
578.0,81.0,131.0,13.0,10.0,8.0,0.0,30.0,327161471.7257278
616.0,98.0,107.0,22.0,8.0,8.0,0.0,30.0,303161471.7257278
607.0,87.0,131.0,23.0,3.0,3.0,0.0,30.0,201527613.5859749
611.0,96.0,91.0,26.0,11.0,8.0,100.0,11.893701359149729,339161471.7257278
608.0,87.0,39.0,10.0,3.0,3.0,0.0,30.0,201527613.5859749
607.0,97.0,35.0,5.0,5.0,4.0,0.0,30.0,234607328.8859749
588.0,95.0,113.0,6.0,4.0,4.0,0.0,30.0,222607328.8859749
597.0,92.0,109.0,19.0,3.0,3.0,0.0,30.0,201527613.5859749
617.0,81.0,138.0,5.0,12.0,6.0,0.0,30.0,335480502.16837484
602.0,87.0,115.0,15.0,11.0,4.0,0.0,30.0,306607328.8859749
579.0,90.0,141.0,7.0,10.0,5.0,0.0,30.0,303224211.97029614
578.0,81.0,131.0,13.0,11.0,8.0,0.0,30.0,339161471.7257278
601.0,91.0,114.0,24.0,10.0,8.0,100.0,14.776929395894618,327161471.7257278
599.0,96.0,110.0,14.0,3.0,3.0,0.0,30.0,201527613.5859749
628.0,80.0,123.0,13.0,7.0,7.0,0.0,30.0,283443713.7207278
608.0,87.0,50.0,10.0,5.0,5.0,0.0,30.0,243224211.9702961
611.0,96.0,109.0,19.0,11.0,8.0,100.0,11.345675617877086,339161471.7257278
620.0,83.0,91.0,17.0,3.0,3.0,0.0,30.0,201527613.5859749
614.0,100.0,149.0,2.0,10.0,9.0,0.0,30.0,334669011.9494713
581.0,87.0,98.0,29.0,11.0,5.0,0.0,30.0,315224211.97029614
587.0,83.0,142.0,15.0,6.0,6.0,0.0,30.0,263480502.16837484
586.0,90.0,83.0,27.0,10.0,5.0,0.0,30.0,303224211.97029614
617.0,81.0,92.0,18.0,5.0,5.0,0.0,30.0,243224211.9702961
586.0,80.0,84.0,1.0,8.0,8.0,0.0,30.0,303161471.7257278
616.0,98.0,69.0,19.0,8.0,3.0,0.0,30.0,261527613.5859749
598.0,82.0,96.0,17.0,11.0,10.0,0.0,30.0,353993362.57114446
624.0,82.0,120.0,6.0,3.0,3.0,1.524216524,30.0,201527613.5859749
611.0,88.0,40.0,18.0,11.0,3.0,3.067426401,30.0,297527613.58597493
610.0,89.0,41.0,15.0,7.0,4.0,1.5337132,30.0,258607328.8859749
588.0,85.0,30.0,13.0,9.0,7.0,24.61063628,30.0,307443713.7207278
590.0,97.0,108.0,15.0,10.0,10.0,100.0,12.32687929,341993362.57114446
584.0,84.0,142.0,5.0,6.0,4.0,4.610636277,30.0,246607328.8859749
622.0,88.0,60.0,27.0,3.0,3.0,3.067426401,30.0,201527613.5859749
580.0,95.0,57.0,27.0,10.0,5.0,1.5337132,30.0,303224211.97029614
595.0,81.0,70.0,11.0,5.0,5.0,1.5337132,30.0,243224211.9702961
605.0,86.0,148.0,4.0,7.0,7.0,1.528964862,30.0,283443713.7207278
617.0,93.0,98.0,29.0,3.0,3.0,1.396011396,30.0,201527613.5859749
616.0,99.0,99.0,11.0,3.0,3.0,3.072174739,30.0,201527613.5859749
610.0,97.0,49.0,7.0,4.0,4.0,7.687559354,30.0,222607328.8859749
590.0,87.0,34.0,2.0,5.0,1.0,1.462488129,30.0,205132313.0
588.0,81.0,52.0,29.0,5.0,5.0,3.067426401,30.0,243224211.9702961
593.0,98.0,38.0,19.0,5.0,5.0,4.596391263,30.0,243224211.9702961
620.0,99.0,144.0,2.0,10.0,9.0,86.12535613,30.0,334669011.9494713
617.0,87.0,71.0,8.0,4.0,4.0,1.528964862,30.0,222607328.8859749
628.0,81.0,51.0,23.0,4.0,4.0,1.528964862,30.0,222607328.8859749
608.0,80.0,80.0,3.0,11.0,11.0,1.524216524,30.0,361155851.76379305
588.0,97.0,98.0,1.0,3.0,1.0,1.476733143,30.0,181132313.0
584.0,87.0,145.0,15.0,7.0,7.0,16.91358025,30.0,283443713.7207278
617.0,98.0,97.0,6.0,4.0,4.0,12.30294397,30.0,222607328.8859749
629.0,95.0,111.0,0.0,11.0,5.0,1.519468186,30.0,315224211.97029614
622.0,89.0,42.0,25.0,9.0,3.0,3.067426401,30.0,273527613.58597493
590.0,97.0,30.0,15.0,10.0,7.0,100.0,13.22658931,319443713.7207278
616.0,99.0,99.0,11.0,10.0,9.0,86.12535613,30.0,334669011.9494713
620.0,99.0,144.0,2.0,3.0,3.0,9.226020893,30.0,201527613.5859749
598.0,97.0,90.0,30.0,3.0,1.0,1.457739791,30.0,181132313.0
622.0,96.0,97.0,6.0,3.0,3.0,93.60873694,30.0,201527613.5859749
622.0,89.0,120.0,25.0,3.0,3.0,3.067426401,30.0,201527613.5859749
624.0,82.0,42.0,6.0,9.0,3.0,1.48622982,30.0,273527613.58597493
616.0,92.0,136.0,6.0,6.0,6.0,100.0,20.8704296,263480502.16837484
586.0,99.0,99.0,12.0,11.0,5.0,86.12535613,30.0,315224211.97029614
593.0,88.0,40.0,18.0,5.0,3.0,1.144349478,30.0,225527613.5859749
610.0,87.0,60.0,14.0,4.0,3.0,6.144349478,30.0,213527613.5859749
617.0,82.0,71.0,18.0,4.0,2.0,1.415004748,30.0,203814331.0
613.0,100.0,107.0,21.0,7.0,4.0,1.528964862,30.0,258607328.8859749
595.0,81.0,70.0,27.0,10.0,5.0,6.149097816,30.0,303224211.97029614
580.0,95.0,57.0,11.0,5.0,5.0,1.519468186,30.0,243224211.9702961
608.0,94.0,60.0,29.0,4.0,4.0,9.226020893,30.0,222607328.8859749
613.0,93.0,56.0,19.0,6.0,6.0,0.0,30.0,263480502.16837484
577.0,80.0,67.0,11.0,11.0,6.0,0.0,30.0,323480502.16837484
587.0,94.0,53.0,4.0,10.0,8.0,100.0,12.69384929,327161471.7257278
582.0,85.0,139.0,8.0,7.0,7.0,0.0,30.0,283443713.7207278
590.0,88.0,113.0,22.0,10.0,3.0,0.0,30.0,285527613.58597493
604.0,94.0,61.0,28.0,4.0,4.0,0.0,30.0,222607328.8859749
594.0,91.0,66.0,13.0,4.0,3.0,0.0,30.0,213527613.5859749
591.0,83.0,42.0,17.0,6.0,6.0,0.0,30.0,263480502.16837484
619.0,97.0,135.0,4.0,3.0,3.0,0.0,30.0,201527613.5859749
588.0,87.0,91.0,23.0,7.0,6.0,0.0,30.0,275480502.16837484
607.0,97.0,35.0,14.0,6.0,4.0,0.0,30.0,246607328.8859749
621.0,95.0,62.0,3.0,8.0,4.0,0.0,30.0,270607328.8859749
603.0,90.0,87.0,13.0,9.0,7.0,100.0,16.69031925,307443713.7207278
609.0,83.0,118.0,24.0,5.0,5.0,0.0,30.0,243224211.9702961
575.0,97.0,137.0,12.0,10.0,4.0,0.0,30.0,294607328.8859749
595.0,83.0,135.0,16.0,3.0,3.0,0.0,30.0,201527613.5859749
618.0,88.0,52.0,14.0,8.0,4.0,0.0,30.0,270607328.8859749
627.0,95.0,72.0,27.0,5.0,4.0,0.0,30.0,234607328.8859749
616.0,90.0,101.0,22.0,6.0,3.0,0.0,30.0,237527613.5859749
578.0,98.0,134.0,14.0,5.0,5.0,0.0,30.0,243224211.9702961
624.0,81.0,125.0,25.0,9.0,4.0,0.0,30.0,282607328.8859749
624.0,83.0,102.0,20.0,5.0,5.0,0.0,30.0,243224211.9702961
604.0,90.0,52.0,1.0,8.0,8.0,0.0,30.0,303161471.7257278
600.0,95.0,93.0,20.0,3.0,3.0,0.0,30.0,201527613.5859749
625.0,85.0,93.0,24.0,11.0,7.0,0.0,30.0,331443713.7207278
619.0,97.0,80.0,9.0,9.0,3.0,0.0,30.0,273527613.58597493
622.0,90.0,50.0,13.0,11.0,7.0,100.0,12.60441249,331443713.7207278
594.0,96.0,89.0,11.0,11.0,10.0,100.0,11.27965262,353993362.57114446
627.0,95.0,61.0,28.0,4.0,4.0,0.0,30.0,222607328.8859749
597.0,92.0,124.0,25.0,7.0,3.0,0.0,30.0,249527613.5859749
621.0,82.0,40.0,20.0,5.0,4.0,0.0,30.0,234607328.8859749
607.0,95.0,62.0,3.0,8.0,4.0,100.0,17.85861673,270607328.8859749
618.0,90.0,142.0,20.0,3.0,3.0,0.0,30.0,201527613.5859749
624.0,83.0,102.0,14.0,5.0,5.0,0.0,30.0,243224211.9702961
578.0,98.0,134.0,20.0,5.0,5.0,0.0,30.0,243224211.9702961
576.0,81.0,52.0,11.0,6.0,4.0,0.0,30.0,246607328.8859749
625.0,85.0,93.0,24.0,7.0,7.0,0.0,30.0,283443713.7207278
596.0,85.0,120.0,4.0,3.0,3.0,0.0,30.0,201527613.5859749
605.0,80.0,138.0,14.0,10.0,5.0,0.0,30.0,303224211.97029614
603.0,90.0,142.0,20.0,3.0,3.0,0.0,30.0,201527613.5859749
618.0,90.0,87.0,13.0,9.0,7.0,100.0,16.008936,307443713.7207278
594.0,95.0,62.0,19.0,5.0,5.0,0.0,30.0,243224211.9702961
607.0,96.0,89.0,11.0,8.0,4.0,0.0,30.0,270607328.8859749
575.0,91.0,117.0,28.0,12.0,7.0,100.0,12.23997378,343443713.7207278
619.0,97.0,80.0,25.0,7.0,3.0,0.0,30.0,249527613.5859749
597.0,92.0,124.0,9.0,9.0,3.0,0.0,30.0,273527613.58597493
627.0,95.0,113.0,22.0,10.0,4.0,0.0,30.0,294607328.8859749
576.0,94.0,90.0,24.0,9.0,6.0,0.0,30.0,299480502.16837484
594.0,86.0,138.0,11.0,11.0,4.0,0.0,30.0,306607328.8859749
578.0,93.0,118.0,17.0,9.0,4.0,0.0,30.0,282607328.8859749
577.0,94.0,108.0,27.0,4.0,4.0,0.0,30.0,222607328.8859749
588.0,83.0,42.0,17.0,7.0,6.0,0.0,30.0,275480502.16837484
591.0,87.0,91.0,23.0,6.0,6.0,0.0,30.0,263480502.16837484
625.0,80.0,67.0,24.0,7.0,6.0,0.0,30.0,275480502.16837484
577.0,85.0,93.0,11.0,11.0,7.0,0.0,30.0,331443713.7207278
602.0,93.0,121.0,1.0,11.0,8.0,0.0,30.0,339161471.7257278
603.0,81.0,75.0,16.0,3.0,3.0,0.0,30.0,201527613.5859749
596.0,90.0,120.0,4.0,3.0,3.0,0.0,30.0,201527613.5859749
575.0,91.0,117.0,13.0,9.0,7.0,0.0,30.0,307443713.7207278
618.0,90.0,87.0,28.0,12.0,7.0,100.0,12.689992,343443713.7207278
621.0,94.0,108.0,20.0,5.0,4.0,0.0,30.0,234607328.8859749
577.0,82.0,40.0,27.0,4.0,4.0,0.0,30.0,222607328.8859749
624.0,81.0,125.0,25.0,8.0,4.0,0.0,30.0,270607328.8859749
607.0,96.0,89.0,11.0,9.0,4.0,0.0,30.0,282607328.8859749
627.0,93.0,113.0,22.0,9.0,4.0,0.0,30.0,282607328.8859749
578.0,95.0,118.0,17.0,10.0,4.0,0.0,30.0,294607328.8859749
596.0,86.0,137.0,4.0,5.0,5.0,0.0,30.0,243224211.9702961
594.0,97.0,138.0,12.0,10.0,4.0,0.0,30.0,294607328.8859749
629.0,90.0,105.0,13.0,12.0,9.0,100.0,11.60058834,358669011.9494713
605.0,93.0,56.0,19.0,6.0,5.0,100.0,21.31763445,255224211.9702961
588.0,100.0,55.0,28.0,10.0,5.0,0.0,30.0,303224211.97029614
588.0,83.0,91.0,23.0,7.0,6.0,0.0,30.0,275480502.16837484
625.0,80.0,90.0,24.0,9.0,6.0,0.0,30.0,299480502.16837484
576.0,94.0,67.0,24.0,7.0,6.0,0.0,30.0,275480502.16837484
629.0,93.0,97.0,26.0,11.0,3.0,0.0,30.0,297527613.58597493
584.0,87.0,45.0,26.0,4.0,4.0,0.0,30.0,222607328.8859749
594.0,88.0,81.0,13.0,4.0,4.0,0.0,30.0,222607328.8859749
603.0,81.0,75.0,4.0,3.0,3.0,0.0,30.0,201527613.5859749
596.0,90.0,120.0,16.0,3.0,3.0,0.0,30.0,201527613.5859749
629.0,90.0,87.0,13.0,12.0,7.0,100.0,12.42342351,343443713.7207278
618.0,90.0,105.0,28.0,12.0,9.0,100.0,12.71182058,358669011.9494713
629.0,93.0,80.0,26.0,9.0,3.0,0.0,30.0,273527613.58597493
619.0,97.0,97.0,9.0,11.0,3.0,0.0,30.0,297527613.58597493
623.0,96.0,40.0,13.0,11.0,6.0,100.0,11.39155582,323480502.16837484
594.0,87.0,64.0,13.0,12.0,5.0,0.0,30.0,327224211.97029614
607.0,81.0,125.0,25.0,9.0,4.0,0.0,30.0,282607328.8859749
624.0,96.0,89.0,11.0,8.0,4.0,0.0,30.0,270607328.8859749
589.0,84.0,43.0,27.0,5.0,5.0,0.0,30.0,243224211.9702961
627.0,93.0,118.0,22.0,10.0,4.0,0.0,30.0,294607328.8859749
596.0,97.0,138.0,4.0,10.0,5.0,100.0,13.6832577,303224211.97029614
594.0,86.0,137.0,12.0,5.0,4.0,0.0,30.0,234607328.8859749
589.0,88.0,77.0,15.0,12.0,5.0,0.0,30.0,327224211.97029614
627.0,99.0,48.0,22.0,10.0,10.0,0.0,30.0,341993362.57114446
587.0,99.0,36.0,27.0,7.0,6.0,0.0,30.0,275480502.16837484
625.0,94.0,90.0,24.0,9.0,6.0,100.0,14.61570156,299480502.16837484
626.0,83.0,150.0,17.0,11.0,10.0,0.0,30.0,353993362.57114446
598.0,91.0,117.0,30.0,8.0,8.0,100.0,16.6067746,303161471.7257278
581.0,99.0,58.0,29.0,4.0,4.0,0.0,30.0,222607328.8859749
599.0,89.0,141.0,14.0,5.0,5.0,0.0,30.0,243224211.9702961
617.0,93.0,39.0,15.0,5.0,5.0,0.0,30.0,243224211.9702961
623.0,88.0,84.0,14.0,3.0,3.0,0.0,30.0,201527613.5859749
578.0,85.0,86.0,8.0,11.0,11.0,0.0,30.0,361155851.76379305
622.0,95.0,104.0,23.0,9.0,9.0,100.0,13.77829144,322669011.9494713
606.0,80.0,87.0,24.0,6.0,6.0,0.0,30.0,263480502.16837484
588.0,87.0,107.0,15.0,3.0,3.0,0.0,30.0,201527613.5859749
611.0,91.0,123.0,16.0,9.0,9.0,0.0,30.0,322669011.9494713
611.0,88.0,67.0,13.0,3.0,3.0,0.0,30.0,201527613.5859749
629.0,96.0,129.0,10.0,4.0,4.0,0.0,30.0,222607328.8859749
609.0,84.0,88.0,22.0,4.0,4.0,0.0,30.0,222607328.8859749
606.0,95.0,77.0,3.0,7.0,7.0,0.0,30.0,283443713.7207278
598.0,82.0,101.0,17.0,5.0,5.0,0.0,30.0,243224211.9702961
604.0,85.0,147.0,19.0,7.0,7.0,0.0,30.0,283443713.7207278
602.0,86.0,55.0,0.0,8.0,3.0,0.0,30.0,261527613.5859749
607.0,89.0,133.0,27.0,10.0,9.0,100.0,13.43398198,334669011.9494713
595.0,93.0,75.0,1.0,4.0,4.0,0.0,30.0,222607328.8859749
596.0,98.0,30.0,2.0,9.0,7.0,0.0,30.0,307443713.7207278
614.0,91.0,93.0,12.0,10.0,3.0,0.0,30.0,285527613.58597493
612.0,84.0,31.0,13.0,5.0,5.0,0.0,30.0,243224211.9702961
592.0,89.0,128.0,13.0,3.0,3.0,0.0,30.0,201527613.5859749
598.0,86.0,126.0,4.0,7.0,7.0,0.0,30.0,283443713.7207278
575.0,82.0,51.0,8.0,4.0,4.0,0.0,30.0,222607328.8859749
576.0,84.0,45.0,3.0,5.0,4.0,0.0,30.0,234607328.8859749
623.0,88.0,107.0,14.0,3.0,3.0,0.0,30.0,201527613.5859749
608.0,90.0,84.0,8.0,3.0,3.0,0.0,30.0,201527613.5859749
611.0,89.0,128.0,13.0,3.0,3.0,0.0,30.0,201527613.5859749
599.0,88.0,67.0,13.0,11.0,3.0,0.0,30.0,297527613.58597493
590.0,89.0,150.0,12.0,11.0,11.0,100.0,13.40258951,361155851.76379305
612.0,87.0,75.0,29.0,8.0,8.0,0.0,30.0,303161471.7257278
609.0,93.0,88.0,1.0,4.0,4.0,0.0,30.0,222607328.8859749
576.0,82.0,51.0,3.0,4.0,4.0,0.0,30.0,222607328.8859749
575.0,84.0,45.0,8.0,5.0,4.0,0.0,30.0,234607328.8859749
617.0,89.0,39.0,15.0,5.0,5.0,0.0,30.0,243224211.9702961
599.0,93.0,141.0,14.0,5.0,5.0,0.0,30.0,243224211.9702961
612.0,84.0,31.0,17.0,5.0,5.0,0.0,30.0,243224211.9702961
630.0,82.0,51.0,26.0,6.0,6.0,0.0,30.0,263480502.16837484
606.0,95.0,77.0,3.0,6.0,6.0,0.0,30.0,263480502.16837484
606.0,92.0,71.0,13.0,9.0,6.0,0.0,30.0,299480502.16837484
598.0,86.0,147.0,19.0,7.0,7.0,0.0,30.0,283443713.7207278
604.0,85.0,126.0,4.0,7.0,7.0,0.0,30.0,283443713.7207278
599.0,81.0,123.0,8.0,4.0,4.0,0.0,30.0,222607328.8859749
596.0,90.0,30.0,27.0,11.0,11.0,100.0,13.5045913,361155851.76379305
623.0,90.0,107.0,8.0,3.0,3.0,0.0,30.0,201527613.5859749
608.0,88.0,84.0,14.0,3.0,3.0,0.0,30.0,201527613.5859749
596.0,95.0,104.0,6.0,11.0,4.0,0.0,30.0,306607328.8859749
611.0,89.0,128.0,23.0,9.0,3.0,0.0,30.0,273527613.58597493
602.0,94.0,55.0,23.0,11.0,8.0,0.0,30.0,339161471.7257278
576.0,99.0,148.0,26.0,7.0,4.0,0.0,30.0,258607328.8859749
629.0,88.0,129.0,10.0,11.0,3.0,0.0,30.0,297527613.58597493
610.0,93.0,58.0,1.0,4.0,4.0,0.0,30.0,222607328.8859749
581.0,93.0,88.0,29.0,4.0,4.0,0.0,30.0,222607328.8859749
612.0,89.0,94.0,2.0,6.0,5.0,0.0,30.0,255224211.9702961
599.0,93.0,31.0,14.0,5.0,5.0,0.0,30.0,243224211.9702961
612.0,84.0,141.0,17.0,5.0,5.0,0.0,30.0,243224211.9702961
630.0,95.0,51.0,3.0,6.0,6.0,0.0,30.0,263480502.16837484
606.0,82.0,77.0,26.0,6.0,6.0,0.0,30.0,263480502.16837484
612.0,85.0,126.0,29.0,8.0,8.0,0.0,30.0,303161471.7257278
627.0,95.0,58.0,13.0,7.0,7.0,0.0,30.0,283443713.7207278
608.0,90.0,84.0,14.0,3.0,3.0,0.0,30.0,201527613.5859749
609.0,95.0,77.0,8.0,3.0,3.0,0.0,30.0,201527613.5859749
584.0,94.0,128.0,13.0,6.0,5.0,0.0,30.0,255224211.9702961
590.0,89.0,150.0,23.0,11.0,11.0,0.0,30.0,361155851.76379305
614.0,85.0,137.0,26.0,9.0,6.0,0.0,30.0,299480502.16837484
629.0,88.0,129.0,1.0,4.0,4.0,0.0,30.0,222607328.8859749
610.0,93.0,58.0,10.0,11.0,3.0,0.0,30.0,297527613.58597493
599.0,93.0,123.0,29.0,4.0,4.0,0.0,30.0,222607328.8859749
581.0,81.0,88.0,8.0,4.0,4.0,0.0,30.0,222607328.8859749
576.0,84.0,51.0,3.0,4.0,4.0,0.0,30.0,222607328.8859749
575.0,82.0,45.0,8.0,5.0,4.0,0.0,30.0,234607328.8859749
616.0,99.0,114.0,26.0,3.0,3.0,0.0,30.0,201527613.5859749
618.0,93.0,117.0,28.0,11.0,3.0,0.0,30.0,297527613.58597493
612.0,95.0,51.0,2.0,6.0,5.0,100.0,20.78369507,255224211.9702961
630.0,89.0,94.0,3.0,6.0,6.0,0.0,30.0,263480502.16837484
606.0,82.0,77.0,13.0,6.0,6.0,0.0,30.0,263480502.16837484
606.0,92.0,71.0,26.0,9.0,6.0,0.0,30.0,299480502.16837484
627.0,95.0,147.0,13.0,7.0,7.0,0.0,30.0,283443713.7207278
598.0,98.0,58.0,3.0,5.0,3.0,0.0,30.0,225527613.5859749
612.0,94.0,55.0,0.0,11.0,11.0,0.0,30.0,361155851.76379305
602.0,91.0,123.0,29.0,11.0,11.0,100.0,13.03711516,361155851.76379305
582.0,82.0,86.0,27.0,6.0,6.0,0.0,30.0,263480502.16837484
626.0,92.0,93.0,16.0,9.0,9.0,0.0,30.0,322669011.9494713
610.0,90.0,30.0,10.0,11.0,3.0,0.0,30.0,297527613.58597493
596.0,93.0,58.0,27.0,11.0,11.0,100.0,12.82658215,361155851.76379305
618.0,88.0,117.0,28.0,4.0,3.0,0.0,30.0,213527613.5859749
629.0,93.0,129.0,1.0,11.0,4.0,0.0,30.0,306607328.8859749
581.0,81.0,123.0,29.0,4.0,4.0,0.0,30.0,222607328.8859749
599.0,87.0,66.0,6.0,7.0,7.0,0.0,30.0,283443713.7207278
575.0,84.0,51.0,8.0,4.0,4.0,0.0,30.0,222607328.8859749
576.0,82.0,45.0,3.0,5.0,4.0,0.0,30.0,234607328.8859749
612.0,95.0,31.0,17.0,11.0,5.0,0.0,30.0,315224211.97029614
596.0,84.0,104.0,6.0,5.0,4.0,0.0,30.0,234607328.8859749
584.0,94.0,94.0,3.0,6.0,6.0,100.0,21.01391647,263480502.16837484
630.0,89.0,128.0,13.0,6.0,5.0,0.0,30.0,255224211.9702961
582.0,82.0,77.0,27.0,6.0,6.0,0.0,30.0,263480502.16837484
606.0,82.0,86.0,13.0,6.0,6.0,0.0,30.0,263480502.16837484
606.0,92.0,137.0,26.0,9.0,6.0,0.0,30.0,299480502.16837484
580.0,99.0,111.0,20.0,3.0,3.0,0.0,30.0,201527613.5859749
587.0,92.0,63.0,28.0,11.0,11.0,100.0,13.66971171,361155851.76379305
627.0,89.0,147.0,13.0,7.0,7.0,0.0,30.0,283443713.7207278
592.0,88.0,51.0,27.0,8.0,3.0,0.0,30.0,261527613.5859749
586.0,88.0,55.0,0.0,5.0,5.0,0.0,30.0,243224211.9702961
617.0,98.0,115.0,12.0,10.0,3.0,0.0,30.0,285527613.58597493
613.0,80.0,36.0,4.0,3.0,3.0,0.0,30.0,201527613.5859749
616.0,81.0,35.0,4.0,3.0,3.0,0.0,30.0,201527613.5859749
594.0,95.0,37.0,11.0,8.0,4.0,100.0,18.68440158,270607328.8859749
592.0,81.0,115.0,13.0,6.0,4.0,0.0,30.0,246607328.8859749
598.0,82.0,104.0,21.0,10.0,10.0,0.0,30.0,341993362.57114446
576.0,94.0,47.0,6.0,7.0,4.0,100.0,19.61297041,258607328.8859749
583.0,80.0,70.0,1.0,6.0,3.0,0.0,30.0,237527613.5859749
617.0,80.0,121.0,4.0,9.0,7.0,0.0,30.0,307443713.7207278
598.0,95.0,31.0,11.0,5.0,3.0,0.0,30.0,225527613.5859749
595.0,89.0,122.0,18.0,7.0,7.0,0.0,30.0,283443713.7207278
587.0,95.0,80.0,1.0,8.0,5.0,100.0,16.61012612,279224211.97029614
610.0,93.0,49.0,4.0,5.0,5.0,0.0,30.0,243224211.9702961
576.0,96.0,87.0,28.0,11.0,8.0,100.0,11.9486946,339161471.7257278
618.0,99.0,145.0,24.0,11.0,8.0,0.0,30.0,339161471.7257278
593.0,89.0,84.0,17.0,11.0,6.0,0.0,30.0,323480502.16837484
602.0,95.0,128.0,13.0,6.0,6.0,0.0,30.0,263480502.16837484
589.0,90.0,56.0,19.0,7.0,6.0,0.0,30.0,275480502.16837484
613.0,92.0,110.0,16.0,4.0,4.0,0.0,30.0,222607328.8859749
626.0,82.0,97.0,16.0,5.0,4.0,0.0,30.0,234607328.8859749
625.0,93.0,129.0,25.0,11.0,5.0,100.0,13.59104693,315224211.97029614
619.0,83.0,135.0,19.0,4.0,3.0,0.0,30.0,213527613.5859749
629.0,81.0,53.0,20.0,3.0,3.0,0.0,30.0,201527613.5859749
605.0,98.0,127.0,27.0,10.0,10.0,0.0,30.0,341993362.57114446
587.0,88.0,55.0,19.0,10.0,6.0,0.0,30.0,311480502.16837484
627.0,81.0,107.0,11.0,6.0,6.0,0.0,30.0,263480502.16837484
628.0,88.0,148.0,4.0,9.0,9.0,0.0,30.0,322669011.9494713
583.0,99.0,92.0,20.0,11.0,5.0,0.0,30.0,315224211.97029614
578.0,94.0,60.0,6.0,10.0,10.0,100.0,12.98329215,341993362.57114446
619.0,92.0,69.0,29.0,9.0,4.0,0.0,30.0,282607328.8859749
620.0,93.0,119.0,10.0,6.0,6.0,100.0,20.72930354,263480502.16837484
584.0,90.0,132.0,18.0,9.0,4.0,0.0,30.0,282607328.8859749
622.0,94.0,103.0,5.0,10.0,9.0,100.0,12.40879618,334669011.9494713
626.0,95.0,72.0,4.0,8.0,3.0,0.0,30.0,261527613.5859749
594.0,82.0,108.0,7.0,3.0,3.0,0.0,30.0,201527613.5859749
614.0,92.0,103.0,20.0,8.0,8.0,0.0,30.0,303161471.7257278
607.0,96.0,123.0,6.0,8.0,8.0,100.0,16.23408375,303161471.7257278
608.0,87.0,137.0,21.0,4.0,4.0,0.0,30.0,222607328.8859749
602.0,81.0,149.0,20.0,3.0,3.0,0.0,30.0,201527613.5859749
629.0,93.0,62.0,26.0,6.0,6.0,0.0,30.0,263480502.16837484
588.0,84.0,133.0,26.0,4.0,4.0,0.0,30.0,222607328.8859749
597.0,88.0,116.0,1.0,9.0,8.0,0.0,30.0,315161471.7257278
582.0,93.0,89.0,23.0,11.0,6.0,100.0,15.35803776,323480502.16837484
628.0,90.0,84.0,11.0,8.0,4.0,0.0,30.0,270607328.8859749
591.0,86.0,83.0,22.0,3.0,3.0,0.0,30.0,201527613.5859749
576.0,85.0,69.0,18.0,10.0,3.0,0.0,30.0,285527613.58597493
625.0,92.0,142.0,23.0,10.0,3.0,0.0,30.0,285527613.58597493
586.0,85.0,139.0,12.0,9.0,7.0,0.0,30.0,307443713.7207278
616.0,80.0,35.0,4.0,3.0,3.0,0.0,30.0,201527613.5859749
613.0,81.0,36.0,4.0,3.0,3.0,0.0,30.0,201527613.5859749
576.0,94.0,47.0,6.0,8.0,4.0,100.0,17.78693859,270607328.8859749
601.0,88.0,37.0,5.0,4.0,4.0,0.0,30.0,222607328.8859749
578.0,100.0,57.0,25.0,6.0,6.0,0.0,30.0,263480502.16837484
625.0,83.0,135.0,25.0,4.0,3.0,0.0,30.0,213527613.5859749
619.0,93.0,129.0,19.0,11.0,5.0,100.0,14.04105331,315224211.97029614
629.0,81.0,119.0,8.0,6.0,6.0,0.0,30.0,263480502.16837484
583.0,88.0,70.0,27.0,8.0,3.0,0.0,30.0,261527613.5859749
592.0,80.0,51.0,1.0,6.0,3.0,0.0,30.0,237527613.5859749
626.0,95.0,72.0,12.0,10.0,3.0,0.0,30.0,285527613.58597493
617.0,98.0,115.0,4.0,8.0,3.0,0.0,30.0,261527613.5859749
612.0,92.0,69.0,1.0,4.0,4.0,0.0,30.0,222607328.8859749
625.0,85.0,142.0,23.0,10.0,3.0,0.0,30.0,285527613.58597493
613.0,93.0,110.0,16.0,10.0,4.0,0.0,30.0,294607328.8859749
588.0,87.0,144.0,21.0,4.0,4.0,0.0,30.0,222607328.8859749
626.0,84.0,97.0,26.0,4.0,4.0,0.0,30.0,222607328.8859749
607.0,90.0,109.0,20.0,9.0,9.0,100.0,16.61022908,322669011.9494713
628.0,81.0,115.0,11.0,8.0,4.0,0.0,30.0,270607328.8859749
592.0,90.0,84.0,13.0,6.0,4.0,0.0,30.0,246607328.8859749
584.0,92.0,69.0,29.0,9.0,4.0,0.0,30.0,282607328.8859749
619.0,97.0,114.0,25.0,3.0,3.0,0.0,30.0,201527613.5859749
615.0,99.0,126.0,0.0,5.0,5.0,0.0,30.0,243224211.9702961
610.0,88.0,49.0,4.0,5.0,5.0,0.0,30.0,243224211.9702961
583.0,95.0,92.0,20.0,6.0,5.0,100.0,25.14168837,255224211.9702961
602.0,99.0,128.0,13.0,11.0,6.0,0.0,30.0,323480502.16837484
629.0,93.0,62.0,11.0,6.0,6.0,0.0,30.0,263480502.16837484
627.0,81.0,50.0,26.0,6.0,6.0,0.0,30.0,263480502.16837484
594.0,91.0,124.0,30.0,7.0,7.0,100.0,21.26807734,283443713.7207278
599.0,94.0,78.0,2.0,11.0,5.0,100.0,14.52506021,315224211.97029614
595.0,89.0,84.0,18.0,7.0,7.0,0.0,30.0,283443713.7207278
626.0,98.0,142.0,26.0,9.0,8.0,0.0,30.0,315161471.7257278
586.0,80.0,139.0,12.0,9.0,7.0,0.0,30.0,307443713.7207278
614.0,88.0,103.0,20.0,8.0,8.0,0.0,30.0,303161471.7257278
592.0,87.0,116.0,1.0,9.0,8.0,0.0,30.0,315161471.7257278
628.0,88.0,145.0,24.0,11.0,8.0,0.0,30.0,339161471.7257278
618.0,99.0,148.0,4.0,9.0,9.0,0.0,30.0,322669011.9494713
598.0,98.0,104.0,27.0,10.0,10.0,0.0,30.0,341993362.57114446
583.0,88.0,83.0,21.0,3.0,3.0,0.0,30.0,201527613.5859749
586.0,95.0,35.0,5.0,3.0,3.0,0.0,30.0,201527613.5859749
583.0,88.0,91.0,4.0,3.0,3.0,0.0,30.0,201527613.5859749
578.0,87.0,148.0,2.0,3.0,3.0,0.0,30.0,201527613.5859749
583.0,97.0,83.0,25.0,3.0,3.0,0.0,30.0,201527613.5859749
595.0,93.0,40.0,27.0,8.0,8.0,100.0,16.30855025,303161471.7257278
606.0,88.0,66.0,30.0,12.0,11.0,0.0,30.0,373155851.76379305
623.0,85.0,123.0,7.0,7.0,7.0,0.0,30.0,283443713.7207278
582.0,95.0,133.0,16.0,7.0,5.0,0.0,30.0,267224211.9702961
609.0,86.0,60.0,22.0,3.0,3.0,0.0,30.0,201527613.5859749
598.0,83.0,36.0,11.0,3.0,3.0,0.0,30.0,201527613.5859749
599.0,94.0,78.0,2.0,5.0,3.0,0.0,30.0,225527613.5859749
592.0,80.0,89.0,23.0,11.0,3.0,0.0,30.0,297527613.58597493
582.0,93.0,51.0,1.0,6.0,6.0,100.0,21.94301154,263480502.16837484
588.0,91.0,59.0,11.0,9.0,4.0,0.0,30.0,282607328.8859749
583.0,98.0,115.0,4.0,8.0,3.0,0.0,30.0,261527613.5859749
617.0,88.0,70.0,27.0,8.0,3.0,0.0,30.0,261527613.5859749
601.0,85.0,37.0,5.0,10.0,3.0,0.0,30.0,285527613.58597493
625.0,88.0,142.0,23.0,4.0,4.0,0.0,30.0,222607328.8859749
592.0,84.0,84.0,26.0,6.0,4.0,0.0,30.0,246607328.8859749
626.0,90.0,97.0,13.0,4.0,4.0,0.0,30.0,222607328.8859749
628.0,92.0,115.0,11.0,9.0,4.0,0.0,30.0,282607328.8859749
584.0,81.0,69.0,29.0,8.0,4.0,0.0,30.0,270607328.8859749
613.0,93.0,110.0,16.0,10.0,5.0,0.0,30.0,303224211.97029614
615.0,99.0,126.0,0.0,5.0,4.0,0.0,30.0,234607328.8859749
578.0,100.0,49.0,25.0,6.0,6.0,0.0,30.0,263480502.16837484
610.0,88.0,57.0,4.0,5.0,5.0,0.0,30.0,243224211.9702961
629.0,81.0,119.0,11.0,6.0,6.0,0.0,30.0,263480502.16837484
629.0,100.0,116.0,24.0,9.0,6.0,0.0,30.0,299480502.16837484
606.0,92.0,118.0,19.0,8.0,6.0,0.0,30.0,287480502.16837484
627.0,88.0,50.0,26.0,10.0,6.0,0.0,30.0,311480502.16837484
613.0,93.0,84.0,5.0,7.0,7.0,100.0,18.23695246,283443713.7207278
614.0,88.0,103.0,20.0,9.0,8.0,0.0,30.0,315161471.7257278
586.0,80.0,139.0,12.0,8.0,7.0,0.0,30.0,295443713.7207278
626.0,87.0,116.0,1.0,9.0,8.0,0.0,30.0,315161471.7257278
592.0,98.0,142.0,26.0,9.0,8.0,0.0,30.0,315161471.7257278
628.0,99.0,148.0,24.0,9.0,9.0,0.0,30.0,322669011.9494713
618.0,88.0,145.0,4.0,11.0,8.0,0.0,30.0,339161471.7257278
630.0,93.0,32.0,28.0,5.0,5.0,0.0,30.0,243224211.9702961
626.0,99.0,33.0,3.0,7.0,4.0,0.0,30.0,258607328.8859749
628.0,90.0,124.0,10.0,3.0,3.0,0.0,30.0,201527613.5859749
595.0,93.0,51.0,22.0,8.0,5.0,0.0,30.0,279224211.97029614
599.0,85.0,136.0,5.0,8.0,8.0,0.0,30.0,303161471.7257278
591.0,88.0,88.0,19.0,7.0,7.0,0.0,30.0,283443713.7207278
581.0,94.0,96.0,21.0,6.0,6.0,0.0,30.0,263480502.16837484
589.0,85.0,83.0,13.0,6.0,6.0,0.0,30.0,263480502.16837484
592.0,98.0,93.0,22.0,4.0,3.0,0.0,30.0,213527613.5859749
587.0,82.0,59.0,26.0,3.0,3.0,0.0,30.0,201527613.5859749
586.0,88.0,69.0,8.0,7.0,7.0,0.0,30.0,283443713.7207278
611.0,93.0,126.0,27.0,10.0,6.0,0.0,30.0,311480502.16837484
593.0,97.0,115.0,17.0,8.0,8.0,0.0,30.0,303161471.7257278
598.0,95.0,148.0,19.0,9.0,9.0,100.0,17.47344821,322669011.9494713
597.0,86.0,52.0,14.0,5.0,5.0,0.0,30.0,243224211.9702961
607.0,82.0,110.0,29.0,4.0,4.0,0.0,30.0,222607328.8859749
592.0,89.0,34.0,13.0,11.0,7.0,0.0,30.0,331443713.7207278
598.0,90.0,58.0,11.0,9.0,7.0,100.0,14.84298475,307443713.7207278
602.0,82.0,93.0,16.0,7.0,7.0,0.0,30.0,283443713.7207278
585.0,85.0,80.0,18.0,5.0,4.0,0.0,30.0,234607328.8859749
618.0,87.0,99.0,12.0,5.0,3.0,0.0,30.0,225527613.5859749
628.0,95.0,100.0,29.0,3.0,3.0,0.0,30.0,201527613.5859749
588.0,97.0,122.0,8.0,11.0,10.0,0.0,30.0,353993362.57114446
607.0,93.0,133.0,10.0,4.0,4.0,0.0,30.0,222607328.8859749
622.0,93.0,74.0,14.0,4.0,4.0,0.0,30.0,222607328.8859749
626.0,81.0,49.0,14.0,4.0,4.0,0.0,30.0,222607328.8859749
615.0,97.0,37.0,13.0,4.0,4.0,0.0,30.0,222607328.8859749
590.0,94.0,85.0,29.0,5.0,5.0,0.0,30.0,243224211.9702961
626.0,90.0,128.0,21.0,5.0,4.0,0.0,30.0,234607328.8859749
601.0,93.0,58.0,5.0,3.0,3.0,0.0,30.0,201527613.5859749
615.0,92.0,119.0,24.0,9.0,6.0,0.0,30.0,299480502.16837484
575.0,91.0,100.0,26.0,9.0,9.0,100.0,16.45317537,322669011.9494713
611.0,86.0,80.0,24.0,8.0,5.0,0.0,30.0,279224211.97029614
575.0,91.0,45.0,9.0,8.0,4.0,0.0,30.0,270607328.8859749
612.0,80.0,128.0,24.0,8.0,8.0,0.0,30.0,303161471.7257278
599.0,89.0,132.0,28.0,8.0,5.0,0.0,30.0,279224211.97029614
592.0,94.0,71.0,19.0,9.0,5.0,0.0,30.0,291224211.97029614
600.0,90.0,99.0,12.0,10.0,9.0,100.0,13.21963944,334669011.9494713
584.0,81.0,148.0,15.0,6.0,6.0,0.0,30.0,263480502.16837484
616.0,85.0,56.0,20.0,8.0,8.0,0.0,30.0,303161471.7257278
615.0,86.0,143.0,2.0,3.0,3.0,0.0,30.0,201527613.5859749
588.0,95.0,51.0,8.0,7.0,5.0,0.0,30.0,267224211.9702961
579.0,90.0,143.0,0.0,8.0,4.0,0.0,30.0,270607328.8859749
592.0,82.0,30.0,29.0,6.0,6.0,0.0,30.0,263480502.16837484
628.0,89.0,145.0,12.0,4.0,3.0,0.0,30.0,213527613.5859749
623.0,92.0,71.0,15.0,4.0,3.0,0.0,30.0,213527613.5859749
575.0,95.0,68.0,0.0,7.0,5.0,0.0,30.0,267224211.9702961
603.0,99.0,143.0,23.0,8.0,3.0,0.0,30.0,261527613.5859749
613.0,96.0,148.0,3.0,6.0,5.0,0.0,30.0,255224211.9702961
594.0,88.0,78.0,8.0,5.0,5.0,0.0,30.0,243224211.9702961
575.0,87.0,136.0,0.0,9.0,6.0,0.0,30.0,299480502.16837484
576.0,83.0,77.0,1.0,6.0,3.0,0.0,30.0,237527613.5859749
587.0,90.0,69.0,8.0,6.0,6.0,0.0,30.0,263480502.16837484
598.0,93.0,80.0,27.0,9.0,3.0,0.0,30.0,273527613.58597493
586.0,92.0,57.0,26.0,6.0,6.0,0.0,30.0,263480502.16837484
604.0,85.0,120.0,26.0,11.0,11.0,0.0,30.0,361155851.76379305
602.0,90.0,110.0,10.0,5.0,5.0,0.0,30.0,243224211.9702961
608.0,99.0,107.0,3.0,9.0,7.0,0.0,30.0,307443713.7207278
621.0,94.0,32.0,9.0,10.0,10.0,100.0,13.7665417,341993362.57114446
594.0,98.0,43.0,14.0,4.0,4.0,0.0,30.0,222607328.8859749
617.0,84.0,94.0,20.0,5.0,3.0,0.0,30.0,225527613.5859749
622.0,93.0,33.0,2.0,6.0,6.0,0.0,30.0,263480502.16837484
618.0,91.0,114.0,21.0,9.0,9.0,0.0,30.0,322669011.9494713
581.0,97.0,33.0,10.0,9.0,6.0,100.0,16.21807972,299480502.16837484
620.0,81.0,48.0,9.0,8.0,5.0,0.0,30.0,279224211.97029614
618.0,89.0,93.0,4.0,10.0,6.0,0.0,30.0,311480502.16837484
602.0,93.0,100.0,24.0,10.0,4.0,0.0,30.0,294607328.8859749
602.0,84.0,50.0,18.0,10.0,7.0,0.0,30.0,319443713.7207278
598.0,97.0,54.0,5.0,7.0,7.0,0.0,30.0,283443713.7207278
594.0,85.0,97.0,2.0,3.0,3.0,0.0,30.0,201527613.5859749
585.0,91.0,41.0,3.0,8.0,7.0,100.0,16.79405681,295443713.7207278
626.0,90.0,67.0,18.0,9.0,8.0,100.0,14.29802875,315161471.7257278
616.0,86.0,74.0,4.0,6.0,6.0,0.0,30.0,263480502.16837484
615.0,80.0,47.0,19.0,9.0,9.0,0.0,30.0,322669011.9494713
598.0,82.0,37.0,6.0,11.0,5.0,0.0,30.0,315224211.97029614
600.0,90.0,49.0,25.0,3.0,3.0,0.0,30.0,201527613.5859749
611.0,95.0,122.0,24.0,8.0,6.0,0.0,30.0,287480502.16837484
622.0,83.0,91.0,16.0,3.0,3.0,0.0,30.0,201527613.5859749
585.0,99.0,64.0,6.0,5.0,5.0,0.0,30.0,243224211.9702961
580.0,99.0,44.0,0.0,9.0,9.0,0.0,30.0,322669011.9494713
595.0,91.0,51.0,21.0,6.0,4.0,0.0,30.0,246607328.8859749
599.0,84.0,103.0,2.0,5.0,3.0,0.0,30.0,225527613.5859749
598.0,99.0,99.0,18.0,8.0,5.0,0.0,30.0,279224211.97029614
596.0,87.0,108.0,10.0,7.0,7.0,0.0,30.0,283443713.7207278
582.0,88.0,34.0,23.0,5.0,5.0,0.0,30.0,243224211.9702961
628.0,81.0,135.0,8.0,3.0,3.0,0.0,30.0,201527613.5859749
629.0,92.0,97.0,27.0,11.0,3.0,0.0,30.0,297527613.58597493
588.0,95.0,58.0,15.0,7.0,7.0,100.0,18.43803685,283443713.7207278
595.0,88.0,103.0,22.0,4.0,3.0,0.0,30.0,213527613.5859749
629.0,93.0,132.0,2.0,7.0,7.0,0.0,30.0,283443713.7207278
621.0,96.0,65.0,4.0,10.0,6.0,0.0,30.0,311480502.16837484
600.0,81.0,118.0,17.0,4.0,4.0,0.0,30.0,222607328.8859749
606.0,81.0,118.0,28.0,8.0,8.0,0.0,30.0,303161471.7257278
623.0,81.0,49.0,26.0,6.0,3.0,0.0,30.0,237527613.5859749
610.0,86.0,94.0,21.0,6.0,5.0,0.0,30.0,255224211.9702961
615.0,87.0,138.0,20.0,7.0,5.0,0.0,30.0,267224211.9702961
624.0,81.0,108.0,7.0,8.0,8.0,0.0,30.0,303161471.7257278
619.0,80.0,134.0,13.0,8.0,5.0,0.0,30.0,279224211.97029614
603.0,80.0,147.0,4.0,6.0,6.0,0.0,30.0,263480502.16837484
629.0,96.0,128.0,12.0,10.0,7.0,100.0,14.65619052,319443713.7207278
629.0,86.0,116.0,8.0,9.0,4.0,0.0,30.0,282607328.8859749
582.0,89.0,89.0,11.0,4.0,3.0,0.0,30.0,213527613.5859749
589.0,98.0,35.0,17.0,11.0,6.0,0.0,30.0,323480502.16837484
622.0,87.0,80.0,27.0,7.0,3.0,0.0,30.0,249527613.5859749
624.0,94.0,68.0,1.0,5.0,5.0,100.0,24.68356057,243224211.9702961
590.0,99.0,45.0,15.0,4.0,4.0,0.0,30.0,222607328.8859749
615.0,91.0,33.0,20.0,7.0,7.0,100.0,18.19938336,283443713.7207278
599.0,88.0,53.0,8.0,7.0,7.0,0.0,30.0,283443713.7207278
602.0,90.0,44.0,18.0,4.0,3.0,0.0,30.0,213527613.5859749
620.0,83.0,73.0,4.0,11.0,3.0,0.0,30.0,297527613.58597493
618.0,89.0,91.0,14.0,10.0,8.0,100.0,14.11810538,327161471.7257278
611.0,99.0,104.0,25.0,9.0,8.0,0.0,30.0,315161471.7257278
613.0,99.0,109.0,21.0,10.0,5.0,0.0,30.0,303224211.97029614
617.0,90.0,33.0,18.0,5.0,5.0,0.0,30.0,243224211.9702961
581.0,89.0,98.0,26.0,8.0,8.0,0.0,30.0,303161471.7257278
624.0,82.0,48.0,0.0,3.0,3.0,0.0,30.0,201527613.5859749
618.0,98.0,37.0,16.0,6.0,6.0,0.0,30.0,263480502.16837484
609.0,92.0,115.0,9.0,11.0,3.0,0.0,30.0,297527613.58597493
616.0,94.0,98.0,22.0,3.0,3.0,0.0,30.0,201527613.5859749
592.0,95.0,111.0,21.0,9.0,3.0,0.0,30.0,273527613.58597493
589.0,95.0,149.0,1.0,7.0,7.0,100.0,18.6958885,283443713.7207278
588.0,88.0,58.0,28.0,9.0,8.0,100.0,17.49822318,315161471.7257278
592.0,98.0,82.0,21.0,8.0,8.0,0.0,30.0,303161471.7257278
584.0,84.0,35.0,5.0,3.0,3.0,0.0,30.0,201527613.5859749
589.0,90.0,133.0,5.0,3.0,3.0,0.0,30.0,201527613.5859749
620.0,83.0,108.0,8.0,10.0,8.0,0.0,30.0,327161471.7257278
615.0,94.0,33.0,1.0,5.0,5.0,100.0,25.17345993,243224211.9702961
624.0,91.0,68.0,20.0,7.0,7.0,100.0,17.8334533,283443713.7207278
624.0,89.0,91.0,0.0,10.0,3.0,0.0,30.0,285527613.58597493
624.0,94.0,99.0,30.0,9.0,9.0,0.0,30.0,322669011.9494713
612.0,88.0,58.0,7.0,3.0,3.0,0.0,30.0,201527613.5859749
624.0,97.0,120.0,8.0,11.0,8.0,0.0,30.0,339161471.7257278
605.0,89.0,110.0,7.0,5.0,5.0,0.0,30.0,243224211.9702961
601.0,89.0,59.0,14.0,7.0,7.0,0.0,30.0,283443713.7207278
576.0,81.0,38.0,5.0,7.0,7.0,0.0,30.0,283443713.7207278
622.0,87.0,80.0,18.0,7.0,3.0,0.0,30.0,249527613.5859749
606.0,83.0,125.0,27.0,8.0,8.0,0.0,30.0,303161471.7257278
606.0,82.0,118.0,4.0,4.0,3.0,0.0,30.0,213527613.5859749
590.0,92.0,115.0,9.0,4.0,3.0,0.0,30.0,213527613.5859749
613.0,98.0,68.0,3.0,10.0,10.0,0.0,30.0,341993362.57114446
617.0,99.0,33.0,18.0,5.0,5.0,0.0,30.0,243224211.9702961
613.0,90.0,55.0,1.0,10.0,10.0,100.0,13.11271739,341993362.57114446
617.0,97.0,45.0,5.0,11.0,5.0,0.0,30.0,315224211.97029614
618.0,98.0,37.0,17.0,6.0,6.0,0.0,30.0,263480502.16837484
586.0,84.0,147.0,13.0,10.0,6.0,0.0,30.0,311480502.16837484
615.0,94.0,68.0,1.0,7.0,5.0,0.0,30.0,267224211.9702961
616.0,94.0,58.0,22.0,3.0,3.0,0.0,30.0,201527613.5859749
612.0,88.0,98.0,7.0,3.0,3.0,0.0,30.0,201527613.5859749
620.0,96.0,115.0,3.0,4.0,4.0,0.0,30.0,222607328.8859749
605.0,89.0,110.0,7.0,10.0,5.0,0.0,30.0,303224211.97029614
592.0,80.0,91.0,7.0,7.0,3.0,0.0,30.0,249527613.5859749
581.0,97.0,70.0,2.0,10.0,8.0,100.0,15.54717253,327161471.7257278
604.0,86.0,139.0,0.0,3.0,3.0,0.0,30.0,201527613.5859749
576.0,83.0,120.0,10.0,8.0,7.0,0.0,30.0,295443713.7207278
606.0,83.0,53.0,27.0,7.0,7.0,0.0,30.0,283443713.7207278
599.0,88.0,125.0,8.0,8.0,8.0,0.0,30.0,303161471.7257278
603.0,85.0,61.0,14.0,10.0,3.0,0.0,30.0,285527613.58597493
581.0,98.0,98.0,21.0,8.0,8.0,0.0,30.0,303161471.7257278
624.0,83.0,108.0,8.0,10.0,8.0,0.0,30.0,327161471.7257278
620.0,97.0,120.0,8.0,11.0,8.0,0.0,30.0,339161471.7257278
613.0,94.0,68.0,30.0,9.0,9.0,100.0,17.89663469,322669011.9494713
624.0,98.0,99.0,3.0,10.0,10.0,0.0,30.0,341993362.57114446
612.0,94.0,98.0,7.0,3.0,3.0,0.0,30.0,201527613.5859749
616.0,88.0,58.0,22.0,3.0,3.0,0.0,30.0,201527613.5859749
606.0,97.0,118.0,2.0,10.0,3.0,0.0,30.0,285527613.58597493
581.0,83.0,45.0,30.0,9.0,6.0,0.0,30.0,299480502.16837484
620.0,99.0,33.0,18.0,5.0,4.0,0.0,30.0,234607328.8859749
601.0,97.0,45.0,5.0,11.0,5.0,0.0,30.0,315224211.97029614
617.0,89.0,59.0,14.0,7.0,7.0,0.0,30.0,283443713.7207278
625.0,86.0,41.0,10.0,11.0,10.0,0.0,30.0,353993362.57114446
580.0,97.0,122.0,9.0,10.0,7.0,0.0,30.0,319443713.7207278
581.0,98.0,44.0,21.0,8.0,3.0,0.0,30.0,261527613.5859749
590.0,81.0,127.0,10.0,4.0,4.0,0.0,30.0,222607328.8859749
624.0,83.0,120.0,8.0,10.0,8.0,0.0,30.0,327161471.7257278
624.0,98.0,33.0,3.0,10.0,7.0,0.0,30.0,319443713.7207278
617.0,84.0,55.0,0.0,7.0,7.0,0.0,30.0,283443713.7207278
604.0,90.0,139.0,1.0,10.0,3.0,0.0,30.0,285527613.58597493
592.0,80.0,80.0,7.0,7.0,3.0,0.0,30.0,249527613.5859749
622.0,87.0,91.0,18.0,7.0,3.0,0.0,30.0,249527613.5859749
581.0,98.0,44.0,2.0,8.0,3.0,0.0,30.0,261527613.5859749
606.0,97.0,118.0,21.0,10.0,3.0,0.0,30.0,285527613.58597493
590.0,86.0,127.0,28.0,8.0,4.0,0.0,30.0,270607328.8859749
595.0,93.0,51.0,8.0,5.0,5.0,100.0,25.67833748,243224211.9702961
614.0,83.0,75.0,1.0,8.0,8.0,0.0,30.0,303161471.7257278
624.0,97.0,122.0,3.0,10.0,7.0,0.0,30.0,319443713.7207278
580.0,98.0,33.0,9.0,10.0,7.0,0.0,30.0,319443713.7207278
591.0,85.0,47.0,25.0,9.0,6.0,0.0,30.0,299480502.16837484
624.0,88.0,120.0,8.0,10.0,8.0,0.0,30.0,327161471.7257278
625.0,90.0,138.0,10.0,11.0,9.0,0.0,30.0,346669011.9494713
602.0,86.0,90.0,4.0,10.0,8.0,0.0,30.0,327161471.7257278
595.0,80.0,80.0,7.0,5.0,5.0,0.0,30.0,243224211.9702961
592.0,93.0,51.0,8.0,7.0,3.0,0.0,30.0,249527613.5859749
622.0,88.0,74.0,23.0,10.0,3.0,0.0,30.0,285527613.58597493
603.0,93.0,65.0,14.0,3.0,3.0,0.0,30.0,201527613.5859749
620.0,85.0,33.0,18.0,5.0,3.0,0.0,30.0,225527613.5859749
615.0,84.0,69.0,28.0,9.0,9.0,0.0,30.0,322669011.9494713
590.0,86.0,127.0,1.0,8.0,4.0,0.0,30.0,270607328.8859749
591.0,89.0,112.0,7.0,9.0,4.0,0.0,30.0,282607328.8859749
605.0,85.0,110.0,25.0,10.0,5.0,0.0,30.0,303224211.97029614
617.0,89.0,59.0,0.0,7.0,7.0,0.0,30.0,283443713.7207278
617.0,84.0,55.0,14.0,7.0,7.0,0.0,30.0,283443713.7207278
613.0,82.0,139.0,9.0,10.0,3.0,0.0,30.0,285527613.58597493
580.0,97.0,122.0,3.0,10.0,7.0,0.0,30.0,319443713.7207278
614.0,83.0,75.0,8.0,8.0,8.0,0.0,30.0,303161471.7257278
624.0,88.0,120.0,1.0,10.0,8.0,0.0,30.0,327161471.7257278
581.0,84.0,56.0,4.0,10.0,3.0,0.0,30.0,285527613.58597493
604.0,81.0,129.0,19.0,4.0,4.0,0.0,30.0,222607328.8859749
599.0,87.0,132.0,7.0,6.0,4.0,0.0,30.0,246607328.8859749
613.0,95.0,87.0,29.0,5.0,4.0,0.0,30.0,234607328.8859749
593.0,95.0,61.0,18.0,6.0,5.0,0.0,30.0,255224211.9702961
581.0,85.0,91.0,14.0,10.0,10.0,0.0,30.0,341993362.57114446
612.0,97.0,105.0,21.0,7.0,6.0,0.0,30.0,275480502.16837484
627.0,86.0,92.0,29.0,8.0,8.0,0.0,30.0,303161471.7257278
600.0,97.0,102.0,14.0,5.0,5.0,100.0,25.06646059,243224211.9702961
628.0,96.0,75.0,21.0,9.0,5.0,100.0,14.27387293,291224211.97029614
581.0,80.0,103.0,9.0,3.0,3.0,0.0,30.0,201527613.5859749
607.0,93.0,41.0,1.0,5.0,5.0,0.0,30.0,243224211.9702961
579.0,98.0,86.0,20.0,3.0,3.0,0.0,30.0,201527613.5859749
629.0,97.0,131.0,29.0,4.0,4.0,0.0,30.0,222607328.8859749
593.0,81.0,34.0,0.0,5.0,5.0,0.0,30.0,243224211.9702961
583.0,83.0,35.0,0.0,7.0,7.0,0.0,30.0,283443713.7207278
608.0,94.0,110.0,28.0,5.0,5.0,0.0,30.0,243224211.9702961
602.0,82.0,44.0,29.0,5.0,5.0,0.0,30.0,243224211.9702961
610.0,84.0,67.0,14.0,4.0,4.0,0.0,30.0,222607328.8859749
627.0,92.0,139.0,11.0,5.0,5.0,0.0,30.0,243224211.9702961
598.0,95.0,115.0,15.0,5.0,5.0,100.0,24.68421302,243224211.9702961
629.0,96.0,68.0,8.0,8.0,3.0,0.0,30.0,261527613.5859749
576.0,92.0,127.0,16.0,11.0,4.0,0.0,30.0,306607328.8859749
616.0,87.0,120.0,15.0,11.0,3.0,0.0,30.0,297527613.58597493
610.0,89.0,134.0,22.0,7.0,4.0,0.0,30.0,258607328.8859749
606.0,85.0,49.0,25.0,4.0,4.0,0.0,30.0,222607328.8859749
591.0,99.0,135.0,14.0,5.0,5.0,0.0,30.0,243224211.9702961
620.0,91.0,48.0,26.0,8.0,5.0,0.0,30.0,279224211.97029614
581.0,84.0,93.0,22.0,3.0,3.0,0.0,30.0,201527613.5859749
610.0,90.0,59.0,17.0,8.0,8.0,100.0,15.98871688,303161471.7257278
600.0,96.0,68.0,8.0,5.0,5.0,0.0,30.0,243224211.9702961
629.0,97.0,102.0,14.0,8.0,3.0,0.0,30.0,261527613.5859749
616.0,97.0,131.0,29.0,4.0,4.0,0.0,30.0,222607328.8859749
576.0,95.0,139.0,10.0,11.0,10.0,100.0,12.12744844,353993362.57114446
616.0,85.0,105.0,25.0,10.0,3.0,0.0,30.0,285527613.58597493
613.0,89.0,87.0,22.0,7.0,4.0,0.0,30.0,258607328.8859749
610.0,95.0,134.0,29.0,5.0,4.0,0.0,30.0,234607328.8859749
627.0,92.0,44.0,11.0,5.0,5.0,0.0,30.0,243224211.9702961
602.0,82.0,139.0,29.0,5.0,5.0,0.0,30.0,243224211.9702961
591.0,99.0,135.0,18.0,6.0,5.0,0.0,30.0,255224211.9702961
593.0,95.0,61.0,14.0,5.0,5.0,0.0,30.0,243224211.9702961
577.0,98.0,40.0,3.0,10.0,10.0,0.0,30.0,341993362.57114446
620.0,97.0,48.0,26.0,7.0,6.0,0.0,30.0,275480502.16837484
583.0,83.0,92.0,29.0,8.0,7.0,0.0,30.0,295443713.7207278
628.0,96.0,93.0,21.0,9.0,3.0,100.0,17.32561481,273527613.58597493
590.0,80.0,60.0,10.0,5.0,5.0,0.0,30.0,243224211.9702961
576.0,95.0,115.0,15.0,11.0,5.0,0.0,30.0,315224211.97029614
610.0,81.0,59.0,17.0,8.0,8.0,0.0,30.0,303161471.7257278
616.0,97.0,131.0,29.0,10.0,4.0,0.0,30.0,294607328.8859749
616.0,85.0,105.0,25.0,4.0,3.0,0.0,30.0,213527613.5859749
623.0,84.0,45.0,16.0,4.0,4.0,0.0,30.0,222607328.8859749
613.0,80.0,135.0,12.0,4.0,4.0,0.0,30.0,222607328.8859749
610.0,95.0,127.0,16.0,7.0,7.0,100.0,17.5513495,283443713.7207278
619.0,100.0,77.0,14.0,4.0,4.0,0.0,30.0,222607328.8859749
600.0,93.0,41.0,8.0,5.0,5.0,0.0,30.0,243224211.9702961
627.0,82.0,44.0,11.0,5.0,5.0,0.0,30.0,243224211.9702961
602.0,92.0,139.0,29.0,5.0,5.0,0.0,30.0,243224211.9702961
591.0,84.0,44.0,1.0,8.0,4.0,0.0,30.0,270607328.8859749
620.0,83.0,48.0,29.0,7.0,6.0,0.0,30.0,275480502.16837484
583.0,97.0,92.0,26.0,8.0,7.0,100.0,17.84034445,295443713.7207278
577.0,85.0,40.0,3.0,10.0,10.0,0.0,30.0,341993362.57114446
626.0,98.0,143.0,15.0,12.0,5.0,0.0,30.0,327224211.97029614
628.0,96.0,105.0,21.0,4.0,3.0,0.0,30.0,213527613.5859749
604.0,86.0,100.0,11.0,9.0,3.0,0.0,30.0,273527613.58597493
610.0,97.0,102.0,16.0,7.0,7.0,0.0,30.0,283443713.7207278
629.0,95.0,127.0,14.0,8.0,3.0,0.0,30.0,261527613.5859749
623.0,84.0,45.0,16.0,8.0,7.0,0.0,30.0,295443713.7207278
583.0,97.0,92.0,26.0,4.0,4.0,0.0,30.0,222607328.8859749
613.0,80.0,77.0,14.0,4.0,4.0,0.0,30.0,222607328.8859749
580.0,86.0,114.0,12.0,4.0,4.0,0.0,30.0,222607328.8859749
610.0,95.0,134.0,1.0,8.0,4.0,0.0,30.0,270607328.8859749
598.0,87.0,107.0,27.0,5.0,5.0,0.0,30.0,243224211.9702961
593.0,81.0,34.0,8.0,5.0,5.0,0.0,30.0,243224211.9702961
593.0,93.0,99.0,23.0,9.0,9.0,0.0,30.0,322669011.9494713
608.0,82.0,110.0,11.0,5.0,5.0,0.0,30.0,243224211.9702961
627.0,94.0,44.0,28.0,5.0,5.0,0.0,30.0,243224211.9702961
610.0,86.0,67.0,29.0,9.0,7.0,0.0,30.0,307443713.7207278
602.0,95.0,139.0,14.0,5.0,5.0,0.0,30.0,243224211.9702961
576.0,98.0,115.0,15.0,12.0,5.0,0.0,30.0,327224211.97029614
626.0,89.0,143.0,7.0,10.0,9.0,0.0,30.0,334669011.9494713
582.0,82.0,97.0,14.0,12.0,6.0,0.0,30.0,335480502.16837484
629.0,91.0,63.0,24.0,10.0,7.0,100.0,16.01957474,319443713.7207278
593.0,85.0,75.0,16.0,9.0,9.0,0.0,30.0,322669011.9494713
599.0,91.0,102.0,10.0,8.0,8.0,100.0,15.9159428,303161471.7257278
630.0,84.0,96.0,24.0,8.0,3.0,0.0,30.0,261527613.5859749
629.0,96.0,105.0,21.0,4.0,3.0,0.0,30.0,213527613.5859749
583.0,86.0,92.0,26.0,4.0,4.0,0.0,30.0,222607328.8859749
604.0,87.0,84.0,3.0,12.0,3.0,0.0,30.0,309527613.58597493
580.0,80.0,77.0,14.0,4.0,4.0,0.0,30.0,222607328.8859749
613.0,86.0,114.0,12.0,4.0,4.0,0.0,30.0,222607328.8859749
616.0,97.0,134.0,1.0,8.0,4.0,0.0,30.0,270607328.8859749
610.0,95.0,131.0,29.0,10.0,4.0,100.0,17.98733079,294607328.8859749
589.0,93.0,60.0,20.0,4.0,4.0,0.0,30.0,222607328.8859749
593.0,82.0,110.0,8.0,5.0,5.0,0.0,30.0,243224211.9702961
608.0,81.0,34.0,11.0,5.0,5.0,0.0,30.0,243224211.9702961
612.0,95.0,139.0,28.0,5.0,5.0,0.0,30.0,243224211.9702961
602.0,94.0,44.0,14.0,5.0,5.0,0.0,30.0,243224211.9702961
582.0,98.0,71.0,0.0,7.0,4.0,0.0,30.0,258607328.8859749
620.0,89.0,144.0,29.0,12.0,7.0,0.0,30.0,343443713.7207278
590.0,82.0,75.0,1.0,8.0,7.0,0.0,30.0,295443713.7207278
593.0,86.0,99.0,29.0,9.0,9.0,0.0,30.0,322669011.9494713
610.0,93.0,67.0,23.0,9.0,7.0,0.0,30.0,307443713.7207278
589.0,91.0,100.0,9.0,9.0,9.0,0.0,30.0,322669011.9494713
620.0,91.0,41.0,24.0,3.0,3.0,0.0,30.0,201527613.5859749
628.0,91.0,105.0,18.0,3.0,3.0,0.0,30.0,201527613.5859749
600.0,92.0,96.0,24.0,5.0,5.0,0.0,30.0,243224211.9702961
629.0,87.0,141.0,25.0,6.0,6.0,0.0,30.0,263480502.16837484
604.0,95.0,84.0,14.0,8.0,3.0,0.0,30.0,261527613.5859749
582.0,98.0,134.0,0.0,8.0,4.0,0.0,30.0,270607328.8859749
616.0,97.0,71.0,1.0,7.0,4.0,0.0,30.0,258607328.8859749
610.0,96.0,33.0,2.0,5.0,4.0,0.0,30.0,234607328.8859749
593.0,82.0,110.0,27.0,5.0,5.0,0.0,30.0,243224211.9702961
608.0,95.0,34.0,28.0,5.0,5.0,0.0,30.0,243224211.9702961
612.0,81.0,139.0,11.0,5.0,5.0,0.0,30.0,243224211.9702961
596.0,97.0,44.0,24.0,11.0,3.0,0.0,30.0,297527613.58597493
602.0,94.0,102.0,14.0,5.0,5.0,0.0,30.0,243224211.9702961
597.0,82.0,48.0,11.0,12.0,12.0,0.0,30.0,380173698.4321599
595.0,97.0,99.0,13.0,3.0,3.0,0.0,30.0,201527613.5859749
593.0,89.0,99.0,29.0,9.0,9.0,0.0,30.0,322669011.9494713
602.0,99.0,51.0,27.0,6.0,6.0,0.0,30.0,263480502.16837484
626.0,89.0,143.0,9.0,10.0,9.0,100.0,15.89616315,334669011.9494713
589.0,91.0,100.0,7.0,9.0,9.0,100.0,18.24762447,322669011.9494713
604.0,80.0,40.0,13.0,8.0,6.0,0.0,30.0,287480502.16837484
589.0,81.0,126.0,24.0,10.0,10.0,0.0,30.0,341993362.57114446
625.0,98.0,30.0,29.0,11.0,10.0,0.0,30.0,353993362.57114446
629.0,98.0,32.0,4.0,11.0,10.0,0.0,30.0,353993362.57114446
599.0,98.0,72.0,24.0,11.0,10.0,0.0,30.0,353993362.57114446
583.0,92.0,147.0,9.0,11.0,10.0,0.0,30.0,353993362.57114446
604.0,90.0,136.0,27.0,10.0,10.0,100.0,12.973450550969854,341993362.57114446
608.0,87.0,54.0,18.0,11.0,10.0,0.0,30.0,353993362.57114446
621.0,96.0,133.0,24.0,11.0,10.0,100.0,11.407615297073423,353993362.57114446
587.0,99.0,87.0,13.0,10.0,10.0,0.0,30.0,341993362.57114446
599.0,95.0,141.0,19.0,11.0,10.0,0.0,30.0,353993362.57114446
590.0,85.0,75.0,28.0,11.0,10.0,0.0,30.0,353993362.57114446
589.0,95.0,3.0,13.0,10.0,10.0,100.0,12.544978908718596,341993362.57114446
619.0,91.0,48.0,4.0,11.0,10.0,0.0,30.0,353993362.57114446
589.0,89.0,56.0,19.0,10.0,10.0,0.0,30.0,341993362.57114446
581.0,96.0,32.0,29.0,11.0,10.0,100.0,13.291425762177193,353993362.57114446
599.0,92.0,104.0,0.0,11.0,10.0,0.0,30.0,353993362.57114446
581.0,92.0,64.0,0.0,10.0,10.0,0.0,30.0,341993362.57114446
597.0,99.0,99.0,27.0,11.0,10.0,0.0,30.0,353993362.57114446
596.0,82.0,100.0,9.0,10.0,10.0,0.0,30.0,341993362.57114446
577.0,98.0,120.0,15.0,11.0,10.0,0.0,30.0,353993362.57114446
599.0,97.0,140.0,15.0,11.0,10.0,100.0,13.925996351197751,353993362.57114446
585.0,84.0,112.0,17.0,11.0,10.0,0.0,30.0,353993362.57114446
594.0,87.0,111.0,22.0,10.0,10.0,0.0,30.0,341993362.57114446
613.0,99.0,100.0,11.0,11.0,10.0,0.0,30.0,353993362.57114446
601.0,82.0,38.0,20.0,10.0,10.0,0.0,30.0,341993362.57114446
600.0,94.0,95.0,19.0,11.0,10.0,100.0,11.747024309369165,353993362.57114446
595.0,88.0,85.0,27.0,11.0,10.0,0.0,30.0,353993362.57114446
583.0,82.0,92.0,27.0,10.0,10.0,0.0,30.0,341993362.57114446
623.0,97.0,74.0,17.0,11.0,10.0,0.0,30.0,353993362.57114446
592.0,93.0,66.0,1.0,11.0,10.0,100.0,14.377285113102005,353993362.57114446
580.0,96.0,143.0,3.0,11.0,10.0,0.0,30.0,353993362.57114446
604.0,84.0,87.0,18.0,11.0,10.0,0.0,30.0,353993362.57114446
576.0,96.0,72.0,14.0,10.0,10.0,100.0,12.986803032736026,341993362.57114446
606.0,80.0,83.0,18.0,11.0,10.0,0.0,30.0,353993362.57114446
627.0,86.0,81.0,22.0,10.0,10.0,0.0,30.0,341993362.57114446
602.0,88.0,143.0,27.0,11.0,10.0,0.0,30.0,353993362.57114446
619.0,90.0,101.0,18.0,10.0,10.0,100.0,12.78203631455846,341993362.57114446
624.0,84.0,102.0,24.0,10.0,10.0,0.0,30.0,341993362.57114446
593.0,81.0,78.0,12.0,10.0,10.0,0.0,30.0,341993362.57114446
575.0,84.0,85.0,15.0,11.0,10.0,0.0,30.0,353993362.57114446
606.0,94.0,122.0,6.0,11.0,10.0,0.0,30.0,353993362.57114446
586.0,86.0,140.0,19.0,11.0,10.0,0.0,30.0,353993362.57114446
597.0,80.0,146.0,6.0,10.0,10.0,0.0,30.0,341993362.57114446
596.0,87.0,74.0,29.0,10.0,10.0,0.0,30.0,341993362.57114446
592.0,99.0,61.0,8.0,10.0,10.0,0.0,30.0,341993362.57114446
597.0,90.0,145.0,19.0,4.0,3.0,0.0,30.0,213527613.5859749
577.0,84.0,82.0,4.0,7.0,3.0,0.0,30.0,249527613.5859749
575.0,97.0,132.0,2.0,8.0,3.0,0.0,30.0,261527613.5859749
604.0,88.0,123.0,18.0,5.0,3.0,0.0,30.0,225527613.5859749
591.0,91.0,91.0,17.0,11.0,3.0,0.0,30.0,297527613.58597493
607.0,88.0,48.0,15.0,5.0,3.0,0.0,30.0,225527613.5859749
616.0,99.0,106.0,23.0,8.0,3.0,0.0,30.0,261527613.5859749
627.0,84.0,90.0,8.0,10.0,3.0,0.0,30.0,285527613.58597493
580.0,92.0,39.0,20.0,3.0,3.0,0.0,30.0,201527613.5859749
589.0,84.0,146.0,18.0,9.0,3.0,0.0,30.0,273527613.58597493
586.0,88.0,63.0,23.0,8.0,3.0,0.0,30.0,261527613.5859749
611.0,90.0,149.0,15.0,7.0,3.0,0.0,30.0,249527613.5859749
597.0,85.0,108.0,6.0,7.0,3.0,0.0,30.0,249527613.5859749
585.0,91.0,139.0,9.0,10.0,3.0,0.0,30.0,285527613.58597493
577.0,80.0,119.0,4.0,3.0,3.0,0.0,30.0,201527613.5859749
609.0,80.0,54.0,20.0,8.0,3.0,0.0,30.0,261527613.5859749
610.0,83.0,36.0,13.0,6.0,3.0,0.0,30.0,237527613.5859749
599.0,91.0,36.0,28.0,9.0,3.0,0.0,30.0,273527613.58597493
614.0,95.0,66.0,3.0,4.0,3.0,0.0,30.0,213527613.5859749
628.0,96.0,72.0,21.0,9.0,3.0,100.0,16.305986103607673,273527613.58597493
624.0,98.0,49.0,5.0,9.0,3.0,0.0,30.0,273527613.58597493
577.0,86.0,55.0,16.0,7.0,3.0,0.0,30.0,249527613.5859749
591.0,92.0,140.0,1.0,6.0,3.0,0.0,30.0,237527613.5859749
602.0,84.0,62.0,26.0,8.0,3.0,0.0,30.0,261527613.5859749
623.0,92.0,39.0,23.0,3.0,3.0,0.0,30.0,201527613.5859749
580.0,92.0,77.0,20.0,3.0,3.0,0.0,30.0,201527613.5859749
577.0,96.0,72.0,21.0,9.0,3.0,0.0,30.0,273527613.58597493
628.0,80.0,119.0,4.0,3.0,3.0,0.0,30.0,201527613.5859749
597.0,95.0,66.0,19.0,4.0,3.0,0.0,30.0,213527613.5859749
614.0,90.0,145.0,3.0,4.0,3.0,0.0,30.0,213527613.5859749
607.0,88.0,48.0,18.0,5.0,3.0,0.0,30.0,225527613.5859749
604.0,88.0,123.0,15.0,5.0,3.0,0.0,30.0,225527613.5859749
610.0,83.0,36.0,1.0,6.0,3.0,0.0,30.0,237527613.5859749
591.0,92.0,140.0,13.0,6.0,3.0,0.0,30.0,237527613.5859749
597.0,99.0,100.0,9.0,7.0,3.0,0.0,30.0,249527613.5859749
592.0,88.0,116.0,4.0,11.0,3.0,0.0,30.0,297527613.58597493
606.0,99.0,81.0,30.0,4.0,3.0,0.0,30.0,213527613.5859749
623.0,89.0,53.0,20.0,11.0,3.0,0.0,30.0,297527613.58597493
609.0,88.0,63.0,23.0,8.0,3.0,0.0,30.0,261527613.5859749
589.0,84.0,146.0,26.0,9.0,3.0,0.0,30.0,273527613.58597493
602.0,84.0,62.0,18.0,8.0,3.0,0.0,30.0,261527613.5859749
601.0,81.0,44.0,18.0,12.0,3.0,0.0,30.0,309527613.58597493
623.0,93.0,76.0,15.0,9.0,3.0,0.0,30.0,273527613.58597493
585.0,91.0,90.0,9.0,10.0,3.0,0.0,30.0,285527613.58597493
627.0,84.0,139.0,8.0,10.0,3.0,0.0,30.0,285527613.58597493
592.0,80.0,99.0,3.0,7.0,3.0,0.0,30.0,249527613.5859749
628.0,80.0,66.0,19.0,3.0,3.0,0.0,30.0,201527613.5859749
590.0,93.0,149.0,23.0,8.0,3.0,0.0,30.0,261527613.5859749
611.0,89.0,112.0,26.0,4.0,3.0,0.0,30.0,213527613.5859749
590.0,88.0,31.0,28.0,7.0,3.0,0.0,30.0,249527613.5859749
592.0,94.0,143.0,30.0,11.0,3.0,0.0,30.0,297527613.58597493
602.0,96.0,62.0,18.0,9.0,3.0,0.0,30.0,273527613.58597493
577.0,84.0,72.0,21.0,8.0,3.0,0.0,30.0,261527613.5859749
625.0,91.0,67.0,17.0,8.0,3.0,0.0,30.0,261527613.5859749
623.0,84.0,146.0,15.0,9.0,3.0,0.0,30.0,273527613.58597493
623.0,92.0,77.0,23.0,3.0,3.0,0.0,30.0,201527613.5859749
588.0,92.0,145.0,4.0,11.0,3.0,0.0,30.0,297527613.58597493
578.0,80.0,66.0,5.0,6.0,3.0,0.0,30.0,237527613.5859749
584.0,90.0,110.0,9.0,4.0,3.0,0.0,30.0,213527613.5859749
600.0,80.0,63.0,10.0,4.0,3.0,0.0,30.0,213527613.5859749
607.0,92.0,48.0,18.0,6.0,3.0,0.0,30.0,237527613.5859749
591.0,88.0,140.0,1.0,5.0,3.0,0.0,30.0,225527613.5859749
597.0,86.0,55.0,9.0,7.0,3.0,0.0,30.0,249527613.5859749
595.0,86.0,58.0,16.0,7.0,3.0,0.0,30.0,249527613.5859749
590.0,80.0,149.0,23.0,7.0,3.0,0.0,30.0,249527613.5859749
592.0,93.0,99.0,3.0,8.0,3.0,0.0,30.0,261527613.5859749
577.0,88.0,72.0,21.0,8.0,3.0,0.0,30.0,261527613.5859749
609.0,84.0,63.0,23.0,8.0,3.0,0.0,30.0,261527613.5859749
611.0,96.0,148.0,28.0,4.0,3.0,0.0,30.0,213527613.5859749
613.0,80.0,83.0,15.0,8.0,3.0,0.0,30.0,261527613.5859749
627.0,84.0,143.0,30.0,10.0,3.0,0.0,30.0,285527613.58597493
592.0,94.0,139.0,8.0,11.0,3.0,0.0,30.0,297527613.58597493
578.0,88.0,86.0,23.0,11.0,3.0,0.0,30.0,297527613.58597493
596.0,92.0,63.0,18.0,12.0,3.0,0.0,30.0,309527613.58597493
584.0,92.0,110.0,9.0,4.0,3.0,0.0,30.0,213527613.5859749
623.0,90.0,77.0,23.0,3.0,3.0,0.0,30.0,201527613.5859749
620.0,82.0,132.0,28.0,11.0,3.0,0.0,30.0,297527613.58597493
599.0,98.0,90.0,1.0,8.0,3.0,0.0,30.0,261527613.5859749
607.0,80.0,48.0,18.0,6.0,3.0,0.0,30.0,237527613.5859749
578.0,85.0,66.0,6.0,9.0,3.0,0.0,30.0,273527613.58597493
610.0,84.0,36.0,8.0,6.0,3.0,0.0,30.0,237527613.5859749
595.0,100.0,71.0,24.0,9.0,3.0,0.0,30.0,273527613.58597493
598.0,91.0,149.0,23.0,10.0,3.0,0.0,30.0,285527613.58597493
609.0,84.0,63.0,21.0,8.0,3.0,0.0,30.0,261527613.5859749
616.0,98.0,148.0,26.0,12.0,3.0,0.0,30.0,309527613.58597493
624.0,92.0,88.0,17.0,6.0,3.0,0.0,30.0,237527613.5859749
603.0,80.0,145.0,23.0,4.0,3.0,0.0,30.0,213527613.5859749
627.0,91.0,90.0,30.0,10.0,3.0,0.0,30.0,285527613.58597493
585.0,84.0,143.0,9.0,10.0,3.0,0.0,30.0,285527613.58597493
592.0,94.0,145.0,4.0,11.0,3.0,0.0,30.0,297527613.58597493
588.0,96.0,123.0,8.0,11.0,3.0,0.0,30.0,297527613.58597493
623.0,89.0,53.0,23.0,11.0,3.0,0.0,30.0,297527613.58597493
578.0,88.0,86.0,20.0,11.0,3.0,0.0,30.0,297527613.58597493
605.0,90.0,84.0,7.0,11.0,3.0,0.0,30.0,297527613.58597493
603.0,80.0,48.0,23.0,4.0,3.0,0.0,30.0,213527613.5859749
607.0,80.0,145.0,18.0,6.0,3.0,0.0,30.0,237527613.5859749
594.0,84.0,110.0,4.0,5.0,3.0,0.0,30.0,225527613.5859749
624.0,92.0,88.0,8.0,6.0,3.0,0.0,30.0,237527613.5859749
590.0,86.0,55.0,9.0,7.0,3.0,0.0,30.0,249527613.5859749
583.0,84.0,101.0,7.0,6.0,3.0,0.0,30.0,237527613.5859749
614.0,86.0,110.0,4.0,11.0,3.0,0.0,30.0,297527613.58597493
599.0,98.0,90.0,3.0,8.0,3.0,0.0,30.0,261527613.5859749
609.0,100.0,96.0,17.0,5.0,3.0,0.0,30.0,225527613.5859749
578.0,85.0,63.0,6.0,8.0,3.0,0.0,30.0,261527613.5859749
593.0,88.0,139.0,6.0,8.0,3.0,0.0,30.0,261527613.5859749
592.0,82.0,145.0,4.0,11.0,3.0,0.0,30.0,297527613.58597493
620.0,94.0,132.0,28.0,11.0,3.0,0.0,30.0,297527613.58597493
588.0,95.0,123.0,18.0,3.0,3.0,0.0,30.0,201527613.5859749
585.0,92.0,32.0,3.0,12.0,3.0,0.0,30.0,309527613.58597493
581.0,89.0,74.0,18.0,3.0,3.0,0.0,30.0,201527613.5859749
605.0,81.0,102.0,18.0,3.0,3.0,0.0,30.0,201527613.5859749
600.0,99.0,81.0,30.0,4.0,3.0,0.0,30.0,213527613.5859749
606.0,80.0,63.0,10.0,4.0,3.0,0.0,30.0,213527613.5859749
589.0,84.0,63.0,23.0,9.0,3.0,0.0,30.0,273527613.58597493
594.0,80.0,110.0,4.0,5.0,3.0,0.0,30.0,225527613.5859749
583.0,92.0,88.0,8.0,6.0,3.0,0.0,30.0,237527613.5859749
624.0,84.0,101.0,7.0,6.0,3.0,0.0,30.0,237527613.5859749
593.0,88.0,63.0,6.0,8.0,3.0,0.0,30.0,261527613.5859749
608.0,85.0,139.0,6.0,6.0,3.0,0.0,30.0,237527613.5859749
598.0,80.0,87.0,7.0,11.0,3.0,0.0,30.0,297527613.58597493
607.0,89.0,96.0,30.0,10.0,3.0,0.0,30.0,285527613.58597493
605.0,90.0,90.0,7.0,10.0,3.0,0.0,30.0,285527613.58597493
585.0,91.0,84.0,9.0,11.0,3.0,0.0,30.0,297527613.58597493
614.0,82.0,110.0,4.0,11.0,3.0,0.0,30.0,297527613.58597493
592.0,86.0,145.0,4.0,11.0,3.0,0.0,30.0,297527613.58597493
616.0,98.0,148.0,20.0,11.0,3.0,0.0,30.0,297527613.58597493
578.0,88.0,86.0,26.0,12.0,3.0,0.0,30.0,309527613.58597493
581.0,81.0,102.0,18.0,3.0,3.0,0.0,30.0,201527613.5859749
605.0,89.0,74.0,18.0,3.0,3.0,0.0,30.0,201527613.5859749
600.0,83.0,145.0,17.0,4.0,3.0,0.0,30.0,213527613.5859749
606.0,99.0,63.0,30.0,4.0,3.0,0.0,30.0,213527613.5859749
625.0,88.0,125.0,24.0,7.0,3.0,0.0,30.0,249527613.5859749
609.0,80.0,110.0,4.0,5.0,3.0,0.0,30.0,225527613.5859749
595.0,96.0,139.0,1.0,8.0,3.0,0.0,30.0,261527613.5859749
582.0,87.0,149.0,7.0,11.0,3.0,0.0,30.0,297527613.58597493
586.0,100.0,149.0,7.0,10.0,3.0,0.0,30.0,285527613.58597493
605.0,90.0,96.0,30.0,10.0,3.0,0.0,30.0,285527613.58597493
577.0,93.0,149.0,9.0,12.0,3.0,0.0,30.0,309527613.58597493
592.0,84.0,145.0,25.0,8.0,3.0,0.0,30.0,261527613.5859749
592.0,86.0,110.0,4.0,11.0,3.0,0.0,30.0,297527613.58597493
604.0,80.0,145.0,5.0,11.0,3.0,0.0,30.0,297527613.58597493
621.0,85.0,44.0,22.0,11.0,3.0,0.0,30.0,297527613.58597493
598.0,89.0,102.0,18.0,12.0,3.0,0.0,30.0,309527613.58597493
605.0,81.0,74.0,18.0,3.0,3.0,0.0,30.0,201527613.5859749
600.0,83.0,63.0,17.0,4.0,3.0,0.0,30.0,213527613.5859749
606.0,99.0,145.0,30.0,4.0,3.0,0.0,30.0,213527613.5859749
617.0,89.0,91.0,1.0,11.0,3.0,0.0,30.0,297527613.58597493
607.0,80.0,125.0,24.0,7.0,3.0,0.0,30.0,249527613.5859749
625.0,88.0,145.0,18.0,6.0,3.0,0.0,30.0,237527613.5859749
590.0,86.0,55.0,1.0,8.0,3.0,0.0,30.0,261527613.5859749
596.0,98.0,36.0,16.0,9.0,3.0,0.0,30.0,273527613.58597493
593.0,88.0,90.0,3.0,8.0,3.0,0.0,30.0,261527613.5859749
599.0,98.0,63.0,6.0,8.0,3.0,0.0,30.0,261527613.5859749
592.0,84.0,145.0,23.0,8.0,3.0,0.0,30.0,261527613.5859749
589.0,84.0,63.0,25.0,9.0,3.0,0.0,30.0,273527613.58597493
586.0,90.0,96.0,30.0,10.0,3.0,0.0,30.0,285527613.58597493
615.0,91.0,149.0,17.0,3.0,3.0,0.0,30.0,201527613.5859749
607.0,89.0,109.0,20.0,11.0,3.0,0.0,30.0,297527613.58597493
613.0,90.0,110.0,7.0,9.0,3.0,0.0,30.0,273527613.58597493
604.0,85.0,44.0,5.0,11.0,3.0,0.0,30.0,297527613.58597493
621.0,80.0,145.0,22.0,11.0,3.0,0.0,30.0,297527613.58597493
616.0,98.0,53.0,23.0,11.0,3.0,0.0,30.0,297527613.58597493
623.0,89.0,148.0,20.0,11.0,3.0,0.0,30.0,297527613.58597493
585.0,93.0,32.0,3.0,12.0,3.0,0.0,30.0,309527613.58597493
577.0,92.0,149.0,9.0,12.0,3.0,0.0,30.0,309527613.58597493
590.0,80.0,55.0,1.0,8.0,3.0,0.0,30.0,261527613.5859749
607.0,86.0,125.0,24.0,7.0,3.0,0.0,30.0,249527613.5859749
584.0,84.0,110.0,3.0,3.0,3.0,0.0,30.0,201527613.5859749
589.0,84.0,63.0,7.0,9.0,3.0,0.0,30.0,273527613.58597493
599.0,80.0,36.0,18.0,11.0,3.0,0.0,30.0,297527613.58597493
617.0,90.0,96.0,30.0,11.0,3.0,0.0,30.0,297527613.58597493
586.0,89.0,91.0,1.0,10.0,3.0,0.0,30.0,285527613.58597493
604.0,85.0,110.0,27.0,10.0,3.0,0.0,30.0,285527613.58597493
579.0,95.0,70.0,22.0,8.0,3.0,0.0,30.0,261527613.5859749
582.0,88.0,129.0,24.0,11.0,3.0,0.0,30.0,297527613.58597493
592.0,88.0,136.0,26.0,4.0,3.0,0.0,30.0,213527613.5859749
579.0,87.0,149.0,9.0,8.0,3.0,0.0,30.0,261527613.5859749
605.0,81.0,149.0,18.0,3.0,3.0,0.0,30.0,201527613.5859749
619.0,87.0,33.0,30.0,3.0,3.0,0.0,30.0,201527613.5859749
584.0,83.0,145.0,17.0,4.0,3.0,0.0,30.0,213527613.5859749
600.0,95.0,54.0,9.0,5.0,3.0,0.0,30.0,225527613.5859749
601.0,83.0,145.0,6.0,4.0,3.0,0.0,30.0,213527613.5859749
616.0,98.0,129.0,24.0,11.0,3.0,0.0,30.0,297527613.58597493
582.0,88.0,53.0,23.0,11.0,3.0,0.0,30.0,297527613.58597493
623.0,89.0,148.0,20.0,12.0,3.0,0.0,30.0,309527613.58597493
598.0,89.0,102.0,18.0,11.0,3.0,0.0,30.0,297527613.58597493
627.0,82.0,32.0,13.0,10.0,7.0,0.0,30.0,319443713.7207278
611.0,97.0,143.0,1.0,9.0,7.0,0.0,30.0,307443713.7207278
609.0,90.0,148.0,3.0,10.0,7.0,0.0,30.0,319443713.7207278
613.0,92.0,115.0,10.0,7.0,7.0,100.0,18.36247746399845,283443713.7207278
610.0,84.0,60.0,18.0,7.0,7.0,0.0,30.0,283443713.7207278
587.0,92.0,139.0,3.0,9.0,7.0,100.0,14.74943949039416,307443713.7207278
581.0,96.0,141.0,18.0,10.0,7.0,100.0,14.647861287414058,319443713.7207278
611.0,86.0,109.0,10.0,8.0,7.0,0.0,30.0,295443713.7207278
622.0,81.0,105.0,1.0,7.0,7.0,0.0,30.0,283443713.7207278
610.0,95.0,79.0,16.0,7.0,7.0,100.0,17.628983343226878,283443713.7207278
611.0,84.0,35.0,26.0,7.0,7.0,0.0,30.0,283443713.7207278
575.0,84.0,56.0,7.0,8.0,7.0,0.0,30.0,295443713.7207278
598.0,80.0,78.0,9.0,8.0,7.0,0.0,30.0,295443713.7207278
593.0,96.0,30.0,11.0,10.0,7.0,0.0,30.0,319443713.7207278
583.0,89.0,116.0,14.0,7.0,7.0,0.0,30.0,283443713.7207278
624.0,98.0,83.0,13.0,7.0,7.0,0.0,30.0,283443713.7207278
603.0,87.0,143.0,1.0,9.0,7.0,0.0,30.0,307443713.7207278
617.0,96.0,65.0,3.0,11.0,7.0,100.0,12.973274443753487,331443713.7207278
582.0,87.0,52.0,2.0,11.0,7.0,0.0,30.0,331443713.7207278
601.0,96.0,116.0,24.0,11.0,7.0,100.0,13.06964773097192,331443713.7207278
613.0,83.0,30.0,12.0,7.0,7.0,0.0,30.0,283443713.7207278
611.0,98.0,110.0,2.0,10.0,7.0,0.0,30.0,319443713.7207278
612.0,84.0,47.0,24.0,7.0,7.0,0.0,30.0,283443713.7207278
622.0,84.0,138.0,3.0,10.0,7.0,0.0,30.0,319443713.7207278
599.0,97.0,49.0,27.0,8.0,7.0,100.0,15.644395755342618,295443713.7207278
581.0,96.0,139.0,18.0,10.0,7.0,100.0,13.327439545927778,319443713.7207278
587.0,92.0,41.0,1.0,9.0,7.0,100.0,14.961095869783358,307443713.7207278
617.0,95.0,65.0,3.0,11.0,7.0,100.0,12.383058235398854,331443713.7207278
611.0,96.0,130.0,17.0,9.0,7.0,100.0,14.732027997798047,307443713.7207278
601.0,84.0,116.0,18.0,11.0,7.0,0.0,30.0,331443713.7207278
610.0,96.0,60.0,24.0,7.0,7.0,100.0,17.92474646326305,283443713.7207278
611.0,84.0,105.0,26.0,7.0,7.0,0.0,30.0,283443713.7207278
622.0,81.0,35.0,1.0,7.0,7.0,0.0,30.0,283443713.7207278
624.0,89.0,116.0,14.0,7.0,7.0,100.0,21.11832240746086,283443713.7207278
583.0,98.0,83.0,13.0,7.0,7.0,0.0,30.0,283443713.7207278
612.0,87.0,47.0,4.0,12.0,7.0,0.0,30.0,343443713.7207278
584.0,89.0,30.0,13.0,11.0,7.0,0.0,30.0,331443713.7207278
598.0,80.0,143.0,1.0,9.0,7.0,0.0,30.0,307443713.7207278
607.0,84.0,47.0,3.0,9.0,7.0,0.0,30.0,307443713.7207278
627.0,87.0,69.0,17.0,8.0,7.0,0.0,30.0,295443713.7207278
603.0,82.0,143.0,1.0,10.0,7.0,0.0,30.0,319443713.7207278
615.0,95.0,44.0,4.0,9.0,7.0,100.0,15.69454600893754,307443713.7207278
600.0,92.0,30.0,13.0,12.0,7.0,100.0,12.69323830836966,343443713.7207278
581.0,95.0,139.0,18.0,10.0,7.0,0.0,30.0,319443713.7207278
608.0,93.0,143.0,18.0,8.0,7.0,0.0,30.0,295443713.7207278
611.0,97.0,49.0,27.0,9.0,7.0,0.0,30.0,307443713.7207278
610.0,96.0,30.0,13.0,12.0,7.0,100.0,15.226418618466036,343443713.7207278
600.0,92.0,60.0,24.0,7.0,7.0,100.0,19.08322933222461,283443713.7207278
613.0,92.0,115.0,10.0,9.0,7.0,100.0,14.755540494389606,307443713.7207278
587.0,92.0,41.0,1.0,7.0,7.0,100.0,18.802731947078232,283443713.7207278
622.0,84.0,105.0,26.0,7.0,7.0,0.0,30.0,283443713.7207278
611.0,81.0,35.0,1.0,7.0,7.0,0.0,30.0,283443713.7207278
627.0,96.0,56.0,26.0,8.0,7.0,0.0,30.0,295443713.7207278
603.0,90.0,148.0,1.0,10.0,7.0,0.0,30.0,319443713.7207278
609.0,82.0,143.0,3.0,10.0,7.0,0.0,30.0,319443713.7207278
589.0,95.0,143.0,26.0,9.0,7.0,100.0,16.288493035451392,307443713.7207278
584.0,89.0,30.0,2.0,11.0,7.0,0.0,30.0,331443713.7207278
617.0,80.0,72.0,9.0,8.0,7.0,0.0,30.0,295443713.7207278
613.0,96.0,65.0,3.0,11.0,7.0,0.0,30.0,331443713.7207278
587.0,92.0,109.0,23.0,9.0,7.0,0.0,30.0,307443713.7207278
576.0,85.0,150.0,1.0,7.0,7.0,0.0,30.0,283443713.7207278
589.0,83.0,114.0,24.0,9.0,7.0,0.0,30.0,307443713.7207278
600.0,87.0,149.0,10.0,12.0,7.0,0.0,30.0,343443713.7207278
624.0,99.0,59.0,0.0,10.0,7.0,0.0,30.0,319443713.7207278
589.0,95.0,116.0,26.0,9.0,7.0,0.0,30.0,307443713.7207278
608.0,93.0,83.0,18.0,8.0,7.0,0.0,30.0,295443713.7207278
583.0,98.0,143.0,13.0,7.0,7.0,0.0,30.0,283443713.7207278
627.0,86.0,109.0,10.0,8.0,7.0,0.0,30.0,295443713.7207278
611.0,96.0,56.0,26.0,8.0,7.0,100.0,17.676633933257605,295443713.7207278
575.0,84.0,49.0,7.0,8.0,7.0,0.0,30.0,295443713.7207278
611.0,97.0,56.0,27.0,9.0,7.0,0.0,30.0,307443713.7207278
603.0,95.0,148.0,18.0,10.0,7.0,0.0,30.0,319443713.7207278
581.0,90.0,139.0,1.0,10.0,7.0,0.0,30.0,319443713.7207278
591.0,85.0,141.0,3.0,9.0,7.0,0.0,30.0,307443713.7207278
609.0,96.0,30.0,11.0,10.0,7.0,100.0,12.61110364173848,319443713.7207278
584.0,98.0,30.0,28.0,10.0,7.0,0.0,30.0,319443713.7207278
603.0,85.0,111.0,22.0,11.0,7.0,0.0,30.0,331443713.7207278
576.0,84.0,105.0,1.0,7.0,7.0,0.0,30.0,283443713.7207278
611.0,81.0,35.0,6.0,7.0,7.0,0.0,30.0,283443713.7207278
583.0,90.0,134.0,15.0,9.0,7.0,100.0,16.531779488864835,307443713.7207278
621.0,100.0,30.0,4.0,10.0,7.0,0.0,30.0,319443713.7207278
609.0,96.0,56.0,26.0,8.0,7.0,100.0,15.477874264090191,295443713.7207278
608.0,93.0,72.0,18.0,8.0,7.0,0.0,30.0,295443713.7207278
614.0,93.0,45.0,9.0,9.0,7.0,0.0,30.0,307443713.7207278
627.0,84.0,49.0,7.0,8.0,7.0,0.0,30.0,295443713.7207278
575.0,86.0,109.0,10.0,8.0,7.0,0.0,30.0,295443713.7207278
589.0,83.0,114.0,23.0,9.0,7.0,0.0,30.0,307443713.7207278
587.0,92.0,109.0,24.0,9.0,7.0,0.0,30.0,307443713.7207278
586.0,98.0,59.0,5.0,11.0,7.0,0.0,30.0,331443713.7207278
589.0,80.0,91.0,19.0,11.0,9.0,0.0,30.0,346669011.9494713
607.0,94.0,80.0,25.0,11.0,9.0,100.0,16.257338876747074,346669011.9494713
620.0,88.0,35.0,14.0,11.0,9.0,0.0,30.0,346669011.9494713
624.0,86.0,103.0,8.0,10.0,9.0,0.0,30.0,334669011.9494713
604.0,95.0,110.0,18.0,9.0,9.0,100.0,15.627414693302969,322669011.9494713
612.0,96.0,81.0,20.0,10.0,9.0,100.0,13.046223521653316,334669011.9494713
576.0,81.0,94.0,19.0,9.0,9.0,0.0,30.0,322669011.9494713
614.0,92.0,44.0,21.0,9.0,9.0,100.0,14.37427811062811,322669011.9494713
606.0,98.0,144.0,18.0,10.0,9.0,0.0,30.0,334669011.9494713
605.0,87.0,83.0,18.0,9.0,9.0,0.0,30.0,322669011.9494713
593.0,80.0,80.0,24.0,11.0,9.0,0.0,30.0,346669011.9494713
595.0,89.0,99.0,28.0,10.0,9.0,100.0,13.641204142506146,334669011.9494713
582.0,92.0,84.0,18.0,10.0,9.0,100.0,13.260691763550392,334669011.9494713
605.0,89.0,91.0,0.0,9.0,9.0,0.0,30.0,322669011.9494713
606.0,84.0,93.0,26.0,10.0,9.0,0.0,30.0,334669011.9494713
625.0,80.0,109.0,25.0,9.0,9.0,0.0,30.0,322669011.9494713
577.0,97.0,55.0,24.0,10.0,9.0,100.0,13.98143361718667,334669011.9494713
613.0,94.0,8.0,30.0,9.0,6.0,100.0,14.585953539666102,299480502.16837484
615.0,92.0,70.0,10.0,11.0,9.0,100.0,14.244943390855912,346669011.9494713
603.0,98.0,129.0,4.0,11.0,9.0,0.0,30.0,346669011.9494713
596.0,82.0,111.0,16.0,11.0,9.0,0.0,30.0,346669011.9494713
575.0,81.0,81.0,23.0,11.0,9.0,0.0,30.0,346669011.9494713
589.0,98.0,133.0,12.0,9.0,9.0,0.0,30.0,322669011.9494713
596.0,96.0,95.0,3.0,10.0,9.0,100.0,12.549765828759462,334669011.9494713
599.0,97.0,63.0,26.0,10.0,9.0,0.0,30.0,334669011.9494713
596.0,96.0,95.0,18.0,9.0,9.0,100.0,15.428396190324008,322669011.9494713
604.0,95.0,110.0,3.0,10.0,9.0,100.0,12.624924468957303,334669011.9494713
576.0,81.0,94.0,20.0,9.0,9.0,0.0,30.0,322669011.9494713
612.0,96.0,81.0,19.0,10.0,9.0,100.0,12.275654656573826,334669011.9494713
622.0,88.0,54.0,15.0,10.0,9.0,0.0,30.0,334669011.9494713
626.0,94.0,38.0,20.0,10.0,9.0,100.0,13.237881292792194,334669011.9494713
586.0,87.0,55.0,30.0,9.0,9.0,0.0,30.0,322669011.9494713
576.0,93.0,40.0,17.0,9.0,9.0,100.0,14.739611641901648,322669011.9494713
606.0,84.0,144.0,18.0,10.0,9.0,0.0,30.0,334669011.9494713
594.0,96.0,72.0,3.0,9.0,9.0,0.0,30.0,322669011.9494713
615.0,87.0,104.0,19.0,9.0,9.0,0.0,30.0,322669011.9494713
620.0,81.0,39.0,0.0,9.0,9.0,0.0,30.0,322669011.9494713
603.0,87.0,112.0,4.0,12.0,9.0,0.0,30.0,358669011.9494713
591.0,95.0,42.0,10.0,9.0,9.0,0.0,30.0,322669011.9494713
588.0,94.0,47.0,10.0,11.0,9.0,0.0,30.0,346669011.9494713
613.0,92.0,8.0,21.0,9.0,6.0,0.0,30.0,299480502.16837484
614.0,94.0,44.0,30.0,9.0,9.0,0.0,30.0,322669011.9494713
576.0,93.0,81.0,19.0,10.0,9.0,0.0,30.0,334669011.9494713
612.0,96.0,40.0,17.0,9.0,9.0,100.0,13.940422745841174,322669011.9494713
625.0,89.0,63.0,9.0,11.0,9.0,100.0,13.533682527028908,346669011.9494713
625.0,87.0,109.0,25.0,9.0,9.0,0.0,30.0,322669011.9494713
615.0,96.0,104.0,3.0,9.0,9.0,0.0,30.0,322669011.9494713
594.0,87.0,72.0,19.0,9.0,9.0,0.0,30.0,322669011.9494713
606.0,88.0,144.0,18.0,10.0,9.0,0.0,30.0,334669011.9494713
623.0,84.0,54.0,6.0,11.0,9.0,0.0,30.0,346669011.9494713
586.0,82.0,63.0,22.0,9.0,9.0,0.0,30.0,322669011.9494713
620.0,88.0,47.0,14.0,11.0,9.0,0.0,30.0,346669011.9494713
589.0,94.0,35.0,26.0,10.0,9.0,100.0,13.702743600542307,334669011.9494713
603.0,97.0,51.0,22.0,10.0,9.0,100.0,12.835989461401724,334669011.9494713
585.0,88.0,91.0,21.0,9.0,6.0,0.0,30.0,299480502.16837484
612.0,83.0,75.0,10.0,9.0,9.0,0.0,30.0,322669011.9494713
604.0,95.0,95.0,18.0,9.0,9.0,100.0,13.875777242218357,322669011.9494713
588.0,96.0,56.0,3.0,10.0,9.0,100.0,12.530670536876432,334669011.9494713
583.0,88.0,83.0,9.0,9.0,9.0,0.0,30.0,322669011.9494713
625.0,87.0,91.0,25.0,9.0,9.0,0.0,30.0,322669011.9494713
605.0,89.0,109.0,0.0,9.0,9.0,0.0,30.0,322669011.9494713
620.0,97.0,71.0,0.0,11.0,9.0,0.0,30.0,346669011.9494713
591.0,90.0,42.0,10.0,9.0,9.0,0.0,30.0,322669011.9494713
586.0,93.0,130.0,10.0,9.0,9.0,100.0,17.634652640551646,322669011.9494713
578.0,84.0,41.0,22.0,10.0,9.0,0.0,30.0,334669011.9494713
625.0,92.0,63.0,18.0,11.0,9.0,100.0,11.618386391907766,346669011.9494713
595.0,94.0,99.0,26.0,10.0,9.0,100.0,13.423049537365213,334669011.9494713
589.0,89.0,35.0,28.0,10.0,9.0,100.0,14.140381570416816,334669011.9494713
624.0,89.0,115.0,17.0,10.0,9.0,0.0,30.0,334669011.9494713
578.0,91.0,145.0,14.0,11.0,11.0,0.0,30.0,361155851.76379305
600.0,93.0,139.0,15.0,11.0,11.0,0.0,30.0,361155851.76379305
581.0,85.0,41.0,27.0,11.0,11.0,0.0,30.0,361155851.76379305
618.0,92.0,97.0,10.0,11.0,11.0,0.0,30.0,361155851.76379305
581.0,93.0,15.0,5.0,11.0,11.0,0.0,30.0,361155851.76379305
593.0,80.0,39.0,13.0,11.0,11.0,0.0,30.0,361155851.76379305
628.0,95.0,144.0,25.0,11.0,11.0,100.0,11.452300067603602,361155851.76379305
602.0,88.0,106.0,8.0,11.0,11.0,0.0,30.0,361155851.76379305
585.0,98.0,79.0,3.0,11.0,11.0,0.0,30.0,361155851.76379305
575.0,87.0,68.0,26.0,11.0,11.0,0.0,30.0,361155851.76379305
594.0,99.0,103.0,9.0,11.0,11.0,0.0,30.0,361155851.76379305
628.0,90.0,116.0,29.0,11.0,11.0,100.0,12.495758766226292,361155851.76379305
589.0,85.0,100.0,16.0,11.0,11.0,0.0,30.0,361155851.76379305
583.0,86.0,80.0,20.0,11.0,11.0,0.0,30.0,361155851.76379305
619.0,84.0,51.0,5.0,11.0,11.0,0.0,30.0,361155851.76379305
580.0,88.0,91.0,20.0,11.0,11.0,0.0,30.0,361155851.76379305
603.0,95.0,123.0,19.0,11.0,11.0,0.0,30.0,361155851.76379305
592.0,96.0,105.0,18.0,11.0,11.0,100.0,13.029215803862789,361155851.76379305
586.0,92.0,40.0,15.0,11.0,11.0,100.0,13.360088649941313,361155851.76379305
614.0,98.0,37.0,6.0,11.0,11.0,0.0,30.0,361155851.76379305
626.0,82.0,70.0,21.0,11.0,11.0,0.0,30.0,361155851.76379305
576.0,82.0,78.0,1.0,11.0,11.0,0.0,30.0,361155851.76379305
576.0,93.0,58.0,8.0,11.0,11.0,100.0,12.253488717162872,361155851.76379305
627.0,80.0,98.0,22.0,11.0,11.0,0.0,30.0,361155851.76379305
606.0,96.0,94.0,26.0,11.0,11.0,0.0,30.0,361155851.76379305
628.0,93.0,144.0,8.0,11.0,11.0,100.0,12.889941331119427,361155851.76379305
576.0,95.0,58.0,25.0,11.0,11.0,100.0,15.63045543029167,361155851.76379305
628.0,90.0,105.0,18.0,11.0,11.0,0.0,30.0,361155851.76379305
592.0,96.0,116.0,29.0,11.0,11.0,100.0,11.849150098191854,361155851.76379305
586.0,92.0,40.0,14.0,11.0,11.0,100.0,12.015255155006818,361155851.76379305
578.0,91.0,145.0,15.0,11.0,11.0,0.0,30.0,361155851.76379305
593.0,93.0,50.0,26.0,12.0,11.0,0.0,30.0,373155851.76379305
604.0,95.0,102.0,24.0,11.0,11.0,100.0,12.79072365051015,361155851.76379305
619.0,100.0,97.0,2.0,11.0,11.0,0.0,30.0,361155851.76379305
613.0,98.0,41.0,1.0,11.0,11.0,0.0,30.0,361155851.76379305
581.0,80.0,15.0,5.0,11.0,11.0,0.0,30.0,361155851.76379305
593.0,98.0,88.0,25.0,12.0,11.0,0.0,30.0,373155851.76379305
628.0,93.0,111.0,17.0,11.0,11.0,100.0,11.26438389175677,361155851.76379305
593.0,98.0,123.0,29.0,12.0,11.0,0.0,30.0,373155851.76379305
594.0,87.0,68.0,26.0,11.0,11.0,0.0,30.0,361155851.76379305
600.0,96.0,124.0,25.0,11.0,11.0,100.0,12.122831868177116,361155851.76379305
585.0,86.0,78.0,19.0,11.0,11.0,0.0,30.0,361155851.76379305
619.0,98.0,105.0,15.0,11.0,11.0,0.0,30.0,361155851.76379305
580.0,88.0,83.0,16.0,11.0,11.0,0.0,30.0,361155851.76379305
614.0,98.0,123.0,6.0,11.0,11.0,0.0,30.0,361155851.76379305
603.0,95.0,37.0,19.0,11.0,11.0,0.0,30.0,361155851.76379305
576.0,82.0,70.0,1.0,11.0,11.0,0.0,30.0,361155851.76379305
626.0,82.0,78.0,21.0,11.0,11.0,0.0,30.0,361155851.76379305
589.0,95.0,142.0,5.0,11.0,11.0,100.0,11.241879857436633,361155851.76379305
599.0,88.0,57.0,9.0,11.0,11.0,0.0,30.0,361155851.76379305
600.0,96.0,40.0,14.0,11.0,11.0,100.0,12.272885063253357,361155851.76379305
586.0,92.0,124.0,25.0,11.0,11.0,100.0,15.093520319531864,361155851.76379305
593.0,91.0,145.0,29.0,12.0,11.0,0.0,30.0,373155851.76379305
630.0,96.0,141.0,8.0,11.0,11.0,100.0,11.005110101866014,361155851.76379305
598.0,93.0,61.0,6.0,11.0,11.0,100.0,11.701200789939696,361155851.76379305
619.0,91.0,145.0,2.0,11.0,11.0,0.0,30.0,361155851.76379305
578.0,100.0,97.0,15.0,11.0,11.0,0.0,30.0,361155851.76379305
581.0,80.0,15.0,1.0,11.0,11.0,0.0,30.0,361155851.76379305
589.0,98.0,138.0,13.0,12.0,11.0,0.0,30.0,373155851.76379305
619.0,98.0,105.0,19.0,11.0,11.0,0.0,30.0,361155851.76379305
585.0,86.0,78.0,15.0,11.0,11.0,0.0,30.0,361155851.76379305
591.0,98.0,53.0,16.0,12.0,11.0,0.0,30.0,373155851.76379305
589.0,98.0,74.0,29.0,11.0,11.0,0.0,30.0,361155851.76379305
576.0,95.0,56.0,15.0,12.0,11.0,100.0,11.19757297776253,373155851.76379305
603.0,82.0,37.0,1.0,11.0,11.0,0.0,30.0,361155851.76379305
593.0,98.0,50.0,26.0,12.0,11.0,0.0,30.0,373155851.76379305
593.0,93.0,123.0,29.0,12.0,11.0,0.0,30.0,373155851.76379305
620.0,80.0,68.0,25.0,11.0,11.0,0.0,30.0,361155851.76379305
589.0,96.0,142.0,5.0,11.0,11.0,100.0,11.215727820253962,361155851.76379305
611.0,95.0,116.0,26.0,9.0,7.0,100.0,18.14846862540624,307443713.7207278
578.0,90.0,92.0,6.0,9.0,7.0,0.0,30.0,307443713.7207278
589.0,84.0,49.0,7.0,12.0,7.0,0.0,30.0,343443713.7207278
616.0,90.0,89.0,2.0,9.0,7.0,100.0,16.223662564972496,307443713.7207278
624.0,99.0,59.0,3.0,10.0,7.0,0.0,30.0,319443713.7207278
588.0,82.0,75.0,28.0,11.0,11.0,0.0,30.0,361155851.76379305
598.0,93.0,61.0,15.0,11.0,11.0,100.0,13.481848045780394,361155851.76379305
613.0,91.0,54.0,21.0,12.0,11.0,0.0,30.0,373155851.76379305
584.0,96.0,59.0,18.0,12.0,11.0,100.0,10.519608260287812,373155851.76379305
602.0,80.0,110.0,28.0,12.0,12.0,0.0,30.0,380173698.4321599
581.0,91.0,59.0,25.0,12.0,12.0,0.0,30.0,380173698.4321599
616.0,88.0,141.0,2.0,12.0,12.0,100.0,16.917015793348632,380173698.4321599
620.0,90.0,141.0,17.0,12.0,12.0,100.0,11.974057266393208,380173698.4321599
625.0,80.0,86.0,1.0,12.0,12.0,0.0,30.0,380173698.4321599
593.0,85.0,32.0,15.0,12.0,12.0,0.0,30.0,380173698.4321599
577.0,84.0,120.0,12.0,12.0,12.0,0.0,30.0,380173698.4321599
585.0,91.0,49.0,11.0,12.0,12.0,100.0,10.836349623131628,380173698.4321599
613.0,89.0,94.0,4.0,12.0,12.0,100.0,12.266595568661144,380173698.4321599
581.0,93.0,165.0,1.0,12.0,11.0,0.0,30.0,373155851.76379305
614.0,80.0,84.0,20.0,12.0,12.0,0.0,30.0,380173698.4321599
593.0,95.0,98.0,21.0,12.0,12.0,0.0,30.0,380173698.4321599
602.0,83.0,44.0,29.0,12.0,12.0,0.0,30.0,380173698.4321599
625.0,95.0,32.0,9.0,12.0,12.0,100.0,10.188292254653152,380173698.4321599
579.0,95.0,95.0,27.0,12.0,12.0,100.0,12.999723004767194,380173698.4321599
582.0,81.0,140.0,1.0,12.0,12.0,0.0,30.0,380173698.4321599
604.0,94.0,52.0,5.0,12.0,12.0,100.0,10.582470846494951,380173698.4321599
575.0,94.0,72.0,10.0,12.0,12.0,100.0,11.92356614139842,380173698.4321599
602.0,96.0,146.0,8.0,12.0,12.0,100.0,10.425422433421222,380173698.4321599
588.0,92.0,89.0,8.0,12.0,12.0,0.0,30.0,380173698.4321599
581.0,88.0,75.0,18.0,12.0,12.0,0.0,30.0,380173698.4321599
617.0,93.0,53.0,13.0,12.0,12.0,0.0,30.0,380173698.4321599
585.0,86.0,38.0,2.0,12.0,12.0,0.0,30.0,380173698.4321599
578.0,81.0,85.0,18.0,12.0,12.0,0.0,30.0,380173698.4321599
617.0,81.0,111.0,9.0,12.0,12.0,0.0,30.0,380173698.4321599
625.0,95.0,165.0,1.0,12.0,12.0,100.0,10.388908255349468,380173698.4321599
581.0,93.0,32.0,9.0,12.0,11.0,100.0,11.387415147226196,373155851.76379305
604.0,86.0,93.0,10.0,12.0,12.0,0.0,30.0,380173698.4321599
605.0,92.0,52.0,18.0,12.0,12.0,100.0,11.834515793468263,380173698.4321599
575.0,94.0,72.0,11.0,12.0,12.0,100.0,10.637375505389176,380173698.4321599
585.0,91.0,49.0,10.0,12.0,12.0,100.0,11.811250328070509,380173698.4321599
613.0,90.0,141.0,4.0,12.0,12.0,100.0,10.651372038124173,380173698.4321599
620.0,89.0,113.0,2.0,12.0,12.0,100.0,12.617122384652284,380173698.4321599
616.0,88.0,141.0,27.0,12.0,12.0,100.0,12.276583607184808,380173698.4321599
587.0,95.0,55.0,0.0,12.0,12.0,0.0,30.0,380173698.4321599
628.0,92.0,105.0,0.0,12.0,12.0,0.0,30.0,380173698.4321599
587.0,94.0,124.0,26.0,12.0,12.0,100.0,11.96576102934173,380173698.4321599
598.0,98.0,86.0,5.0,12.0,12.0,0.0,30.0,380173698.4321599
577.0,85.0,120.0,12.0,12.0,12.0,0.0,30.0,380173698.4321599
630.0,84.0,103.0,14.0,12.0,12.0,0.0,30.0,380173698.4321599
614.0,95.0,84.0,21.0,12.0,12.0,100.0,10.194200138034976,380173698.4321599
593.0,80.0,98.0,20.0,12.0,12.0,0.0,30.0,380173698.4321599
602.0,81.0,140.0,1.0,12.0,12.0,0.0,30.0,380173698.4321599
582.0,83.0,44.0,29.0,12.0,12.0,0.0,30.0,380173698.4321599
603.0,84.0,38.0,8.0,12.0,12.0,0.0,30.0,380173698.4321599
585.0,96.0,98.0,4.0,12.0,12.0,100.0,12.137052658191609,380173698.4321599
585.0,91.0,54.0,12.0,12.0,12.0,0.0,30.0,380173698.4321599
617.0,93.0,38.0,2.0,12.0,12.0,100.0,10.556031874037286,380173698.4321599
617.0,95.0,165.0,2.0,12.0,12.0,100.0,10.295052965972124,380173698.4321599
625.0,93.0,38.0,1.0,12.0,12.0,100.0,11.500918814891282,380173698.4321599
575.0,94.0,141.0,11.0,12.0,12.0,100.0,11.649828326768688,380173698.4321599
613.0,90.0,72.0,4.0,12.0,12.0,100.0,12.895228159351277,380173698.4321599
622.0,100.0,49.0,11.0,12.0,12.0,0.0,30.0,380173698.4321599
589.0,92.0,125.0,18.0,12.0,12.0,100.0,11.888872523087027,380173698.4321599
590.0,94.0,64.0,18.0,11.0,11.0,100.0,13.361828175258808,361155851.76379305
613.0,89.0,45.0,7.0,11.0,11.0,100.0,12.71145558176061,361155851.76379305
593.0,93.0,56.0,21.0,11.0,11.0,0.0,30.0,361155851.76379305
591.0,81.0,101.0,23.0,11.0,11.0,0.0,30.0,361155851.76379305
592.0,82.0,102.0,18.0,11.0,11.0,0.0,30.0,361155851.76379305
629.0,96.0,99.0,22.0,11.0,11.0,100.0,11.554969554553283,361155851.76379305
624.0,97.0,95.0,0.0,11.0,11.0,0.0,30.0,361155851.76379305
578.0,82.0,80.0,14.0,11.0,11.0,0.0,30.0,361155851.76379305
615.0,81.0,50.0,7.0,11.0,11.0,0.0,30.0,361155851.76379305
592.0,86.0,116.0,19.0,11.0,11.0,0.0,30.0,361155851.76379305
604.0,83.0,55.0,14.0,11.0,11.0,0.0,30.0,361155851.76379305
602.0,88.0,128.0,6.0,11.0,11.0,0.0,30.0,361155851.76379305
598.0,88.0,37.0,28.0,11.0,11.0,0.0,30.0,361155851.76379305
617.0,93.0,74.0,27.0,11.0,11.0,100.0,11.426945972579562,361155851.76379305
577.0,83.0,60.0,27.0,11.0,11.0,0.0,30.0,361155851.76379305
623.0,84.0,109.0,13.0,11.0,11.0,0.0,30.0,361155851.76379305
612.0,86.0,97.0,1.0,11.0,11.0,0.0,30.0,361155851.76379305
578.0,80.0,114.0,14.0,11.0,11.0,0.0,30.0,361155851.76379305
595.0,81.0,62.0,16.0,11.0,11.0,0.0,30.0,361155851.76379305
621.0,96.0,52.0,3.0,11.0,11.0,100.0,11.130074978674642,361155851.76379305
599.0,88.0,80.0,14.0,11.0,11.0,0.0,30.0,361155851.76379305
588.0,99.0,105.0,14.0,11.0,11.0,0.0,30.0,361155851.76379305
618.0,89.0,96.0,19.0,11.0,11.0,100.0,16.401180950597006,361155851.76379305
609.0,97.0,40.0,11.0,11.0,11.0,0.0,30.0,361155851.76379305
621.0,96.0,52.0,27.0,11.0,11.0,0.0,30.0,361155851.76379305
617.0,93.0,74.0,3.0,11.0,11.0,100.0,12.514402948549607,361155851.76379305
621.0,93.0,133.0,5.0,12.0,11.0,100.0,10.655544642759528,373155851.76379305
590.0,94.0,64.0,19.0,11.0,11.0,100.0,14.153364158982075,361155851.76379305
618.0,89.0,96.0,18.0,11.0,11.0,100.0,13.126590145054433,361155851.76379305
595.0,96.0,130.0,11.0,11.0,11.0,100.0,11.11530414766891,361155851.76379305
606.0,92.0,110.0,23.0,12.0,11.0,0.0,30.0,373155851.76379305
597.0,94.0,103.0,25.0,12.0,11.0,0.0,30.0,373155851.76379305
606.0,95.0,124.0,18.0,11.0,11.0,0.0,30.0,361155851.76379305
592.0,85.0,58.0,3.0,11.0,11.0,0.0,30.0,361155851.76379305
595.0,95.0,78.0,20.0,12.0,11.0,0.0,30.0,373155851.76379305
604.0,86.0,55.0,14.0,11.0,11.0,0.0,30.0,361155851.76379305
590.0,82.0,116.0,3.0,11.0,11.0,0.0,30.0,361155851.76379305
598.0,88.0,128.0,28.0,11.0,11.0,0.0,30.0,361155851.76379305
602.0,88.0,37.0,6.0,11.0,11.0,0.0,30.0,361155851.76379305
608.0,83.0,133.0,29.0,11.0,11.0,0.0,30.0,361155851.76379305
577.0,84.0,109.0,27.0,11.0,11.0,0.0,30.0,361155851.76379305
595.0,88.0,62.0,16.0,11.0,11.0,0.0,30.0,361155851.76379305
599.0,81.0,80.0,14.0,11.0,11.0,0.0,30.0,361155851.76379305
621.0,93.0,133.0,5.0,11.0,11.0,100.0,11.500918000258004,361155851.76379305
622.0,85.0,142.0,7.0,11.0,11.0,0.0,30.0,361155851.76379305
608.0,81.0,99.0,9.0,11.0,11.0,0.0,30.0,361155851.76379305
590.0,94.0,96.0,18.0,11.0,11.0,100.0,12.589124163537372,361155851.76379305
618.0,89.0,64.0,19.0,11.0,11.0,100.0,12.871444532968498,361155851.76379305
617.0,93.0,125.0,27.0,12.0,11.0,100.0,11.357275217512443,373155851.76379305
621.0,93.0,52.0,5.0,11.0,11.0,100.0,13.995225513444815,361155851.76379305
606.0,95.0,58.0,18.0,11.0,11.0,0.0,30.0,361155851.76379305
592.0,83.0,141.0,26.0,11.0,11.0,0.0,30.0,361155851.76379305
630.0,86.0,133.0,15.0,11.0,11.0,0.0,30.0,361155851.76379305
608.0,84.0,83.0,28.0,12.0,11.0,0.0,30.0,373155851.76379305
598.0,82.0,128.0,3.0,11.0,11.0,0.0,30.0,361155851.76379305
591.0,98.0,44.0,10.0,12.0,11.0,0.0,30.0,373155851.76379305
608.0,88.0,133.0,6.0,11.0,11.0,0.0,30.0,361155851.76379305
578.0,81.0,54.0,29.0,11.0,11.0,0.0,30.0,361155851.76379305
595.0,88.0,114.0,14.0,11.0,11.0,0.0,30.0,361155851.76379305
588.0,81.0,105.0,14.0,11.0,11.0,0.0,30.0,361155851.76379305
599.0,99.0,80.0,14.0,11.0,11.0,0.0,30.0,361155851.76379305
592.0,95.0,110.0,6.0,12.0,11.0,0.0,30.0,373155851.76379305
595.0,93.0,78.0,30.0,11.0,11.0,0.0,30.0,361155851.76379305
604.0,89.0,43.0,15.0,11.0,11.0,100.0,13.227777155924988,361155851.76379305
617.0,94.0,96.0,18.0,11.0,11.0,100.0,11.342606055129089,361155851.76379305
587.0,97.0,68.0,15.0,11.0,11.0,100.0,11.308373627231012,361155851.76379305
621.0,93.0,52.0,19.0,11.0,11.0,0.0,30.0,361155851.76379305
618.0,89.0,64.0,5.0,11.0,11.0,0.0,30.0,361155851.76379305
579.0,88.0,51.0,19.0,11.0,11.0,0.0,30.0,361155851.76379305
585.0,92.0,143.0,26.0,11.0,11.0,100.0,13.191796944450203,361155851.76379305
623.0,95.0,45.0,25.0,12.0,11.0,100.0,10.530325829777446,373155851.76379305
623.0,86.0,131.0,15.0,11.0,11.0,0.0,30.0,361155851.76379305
608.0,82.0,133.0,6.0,11.0,11.0,0.0,30.0,361155851.76379305
598.0,88.0,128.0,3.0,11.0,11.0,0.0,30.0,361155851.76379305
612.0,86.0,97.0,27.0,11.0,11.0,0.0,30.0,361155851.76379305
577.0,84.0,109.0,1.0,11.0,11.0,0.0,30.0,361155851.76379305
596.0,81.0,90.0,19.0,11.0,11.0,0.0,30.0,361155851.76379305
588.0,92.0,53.0,14.0,11.0,11.0,100.0,14.433149974987556,361155851.76379305
590.0,97.0,133.0,14.0,10.0,10.0,0.0,30.0,341993362.57114446
588.0,96.0,131.0,2.0,11.0,10.0,100.0,12.68107563979349,353993362.57114446
577.0,94.0,55.0,10.0,11.0,10.0,0.0,30.0,353993362.57114446
600.0,95.0,3.0,13.0,10.0,10.0,100.0,12.487266670316014,341993362.57114446
588.0,90.0,131.0,2.0,11.0,10.0,100.0,12.483839059571164,353993362.57114446
623.0,96.0,94.0,18.0,12.0,10.0,100.0,11.204793839565362,365993362.57114446
601.0,90.0,149.0,10.0,10.0,10.0,100.0,14.525272899083731,341993362.57114446
579.0,96.0,94.0,14.0,12.0,10.0,0.0,30.0,365993362.57114446
593.0,84.0,78.0,12.0,10.0,10.0,0.0,30.0,341993362.57114446
623.0,82.0,102.0,24.0,10.0,10.0,0.0,30.0,341993362.57114446
585.0,84.0,93.0,29.0,11.0,10.0,0.0,30.0,353993362.57114446
590.0,86.0,58.0,23.0,12.0,10.0,0.0,30.0,365993362.57114446
595.0,88.0,85.0,19.0,11.0,10.0,0.0,30.0,353993362.57114446
586.0,86.0,140.0,27.0,11.0,10.0,0.0,30.0,353993362.57114446
623.0,96.0,143.0,17.0,11.0,10.0,100.0,11.075116248970112,353993362.57114446
580.0,97.0,74.0,3.0,11.0,10.0,0.0,30.0,353993362.57114446
606.0,84.0,83.0,18.0,11.0,10.0,0.0,30.0,353993362.57114446
601.0,98.0,87.0,10.0,12.0,10.0,0.0,30.0,365993362.57114446
602.0,94.0,42.0,25.0,10.0,10.0,100.0,13.168338050391707,341993362.57114446
575.0,88.0,143.0,15.0,11.0,10.0,0.0,30.0,353993362.57114446
623.0,96.0,143.0,17.0,10.0,10.0,100.0,13.499670138198365,341993362.57114446
600.0,95.0,3.0,13.0,11.0,10.0,100.0,11.562270872740225,353993362.57114446
588.0,90.0,131.0,2.0,10.0,10.0,100.0,13.548169132896192,341993362.57114446
576.0,96.0,72.0,14.0,11.0,10.0,100.0,11.845475130688229,353993362.57114446
592.0,89.0,136.0,18.0,10.0,10.0,0.0,30.0,341993362.57114446
584.0,93.0,107.0,7.0,12.0,10.0,0.0,30.0,365993362.57114446
593.0,86.0,81.0,12.0,10.0,10.0,0.0,30.0,341993362.57114446
621.0,97.0,46.0,28.0,10.0,10.0,0.0,30.0,341993362.57114446
575.0,90.0,113.0,0.0,10.0,10.0,0.0,30.0,341993362.57114446
590.0,97.0,144.0,2.0,10.0,10.0,100.0,12.246286263586905,341993362.57114446
617.0,82.0,134.0,10.0,11.0,10.0,0.0,30.0,353993362.57114446
585.0,84.0,55.0,29.0,11.0,10.0,0.0,30.0,353993362.57114446
576.0,83.0,140.0,27.0,11.0,10.0,0.0,30.0,353993362.57114446
606.0,84.0,74.0,3.0,11.0,10.0,0.0,30.0,353993362.57114446
580.0,97.0,83.0,18.0,11.0,10.0,0.0,30.0,353993362.57114446
606.0,94.0,143.0,15.0,11.0,10.0,0.0,30.0,353993362.57114446
575.0,88.0,122.0,6.0,11.0,10.0,100.0,14.172303755370269,353993362.57114446
600.0,95.0,94.0,13.0,11.0,10.0,100.0,11.662018911920969,353993362.57114446
623.0,96.0,3.0,18.0,12.0,10.0,100.0,10.50734746243737,365993362.57114446
623.0,94.0,42.0,25.0,10.0,10.0,100.0,12.720313758265988,341993362.57114446
602.0,96.0,143.0,17.0,10.0,10.0,0.0,30.0,341993362.57114446
620.0,91.0,142.0,15.0,12.0,12.0,100.0,10.499857240351542,380173698.4321599
628.0,81.0,116.0,5.0,12.0,12.0,0.0,30.0,380173698.4321599
611.0,91.0,31.0,13.0,12.0,12.0,100.0,12.988754120390077,380173698.4321599
580.0,92.0,126.0,27.0,12.0,12.0,0.0,30.0,380173698.4321599
615.0,97.0,44.0,0.0,12.0,12.0,0.0,30.0,380173698.4321599
597.0,87.0,43.0,12.0,12.0,12.0,0.0,30.0,380173698.4321599
599.0,97.0,76.0,29.0,12.0,12.0,100.0,10.159769613422702,380173698.4321599
629.0,94.0,110.0,6.0,12.0,12.0,100.0,14.345817950439608,380173698.4321599
612.0,96.0,42.0,13.0,12.0,12.0,100.0,11.38731588674863,380173698.4321599
589.0,90.0,76.0,9.0,12.0,12.0,100.0,11.2825901095627,380173698.4321599
591.0,96.0,41.0,2.0,12.0,12.0,100.0,10.36629339522952,380173698.4321599
615.0,90.0,127.0,6.0,12.0,12.0,100.0,11.12836669627432,380173698.4321599
626.0,86.0,110.0,16.0,12.0,12.0,0.0,30.0,380173698.4321599
604.0,97.0,79.0,7.0,12.0,12.0,0.0,30.0,380173698.4321599
609.0,85.0,116.0,13.0,12.0,12.0,0.0,30.0,380173698.4321599
588.0,99.0,79.0,23.0,12.0,12.0,0.0,30.0,380173698.4321599
589.0,95.0,60.0,0.0,12.0,12.0,0.0,30.0,380173698.4321599
622.0,80.0,36.0,17.0,12.0,12.0,0.0,30.0,380173698.4321599
589.0,90.0,112.0,26.0,12.0,12.0,100.0,11.852741242360144,380173698.4321599
600.0,95.0,97.0,11.0,12.0,12.0,100.0,11.288796291903145,380173698.4321599
578.0,86.0,51.0,26.0,12.0,12.0,0.0,30.0,380173698.4321599
579.0,93.0,147.0,24.0,12.0,12.0,100.0,12.269740794727344,380173698.4321599
616.0,80.0,103.0,21.0,12.0,12.0,0.0,30.0,380173698.4321599
610.0,88.0,141.0,29.0,12.0,12.0,100.0,18.25321495173281,380173698.4321599
595.0,81.0,73.0,13.0,12.0,12.0,0.0,30.0,380173698.4321599
581.0,97.0,76.0,1.0,12.0,11.0,100.0,11.948561524032645,373155851.76379305
620.0,91.0,142.0,2.0,12.0,12.0,100.0,12.464279229571154,380173698.4321599
591.0,96.0,41.0,15.0,12.0,12.0,100.0,10.750944551174308,380173698.4321599
619.0,82.0,122.0,12.0,12.0,12.0,0.0,30.0,380173698.4321599
586.0,95.0,51.0,7.0,12.0,12.0,100.0,10.52728158824636,380173698.4321599
589.0,93.0,147.0,24.0,12.0,12.0,0.0,30.0,380173698.4321599
579.0,90.0,112.0,26.0,12.0,12.0,0.0,30.0,380173698.4321599
611.0,94.0,110.0,13.0,12.0,12.0,100.0,11.225249710566269,380173698.4321599
629.0,91.0,31.0,6.0,12.0,12.0,100.0,13.527988874829068,380173698.4321599
610.0,88.0,141.0,5.0,12.0,12.0,0.0,30.0,380173698.4321599
628.0,81.0,116.0,29.0,12.0,12.0,0.0,30.0,380173698.4321599
580.0,92.0,103.0,27.0,12.0,12.0,0.0,30.0,380173698.4321599
616.0,80.0,126.0,21.0,12.0,12.0,0.0,30.0,380173698.4321599
608.0,89.0,44.0,10.0,12.0,12.0,100.0,13.035886201504963,380173698.4321599
588.0,99.0,116.0,13.0,12.0,12.0,0.0,30.0,380173698.4321599
577.0,84.0,138.0,23.0,12.0,12.0,0.0,30.0,380173698.4321599
622.0,95.0,60.0,17.0,12.0,12.0,100.0,12.885439746145758,380173698.4321599
616.0,94.0,36.0,0.0,12.0,12.0,0.0,30.0,380173698.4321599
602.0,84.0,76.0,21.0,12.0,12.0,0.0,30.0,380173698.4321599
581.0,97.0,51.0,7.0,12.0,11.0,100.0,10.384937057216415,373155851.76379305
591.0,90.0,127.0,15.0,12.0,12.0,100.0,13.514305923262995,380173698.4321599
615.0,96.0,41.0,6.0,12.0,12.0,100.0,11.221525014945152,380173698.4321599
622.0,95.0,142.0,17.0,12.0,12.0,0.0,30.0,380173698.4321599
620.0,91.0,60.0,2.0,12.0,12.0,100.0,11.462059705796436,380173698.4321599
629.0,91.0,44.0,6.0,12.0,12.0,100.0,13.719318427697472,380173698.4321599
608.0,89.0,31.0,10.0,12.0,12.0,100.0,15.85429116304158,380173698.4321599
595.0,81.0,73.0,26.0,12.0,12.0,0.0,30.0,380173698.4321599
608.0,86.0,52.0,12.0,12.0,12.0,0.0,30.0,380173698.4321599
577.0,99.0,120.0,17.0,12.0,12.0,0.0,30.0,380173698.4321599
592.0,82.0,34.0,12.0,12.0,12.0,0.0,30.0,380173698.4321599
599.0,81.0,121.0,22.0,12.0,12.0,0.0,30.0,380173698.4321599
628.0,81.0,103.0,27.0,12.0,12.0,0.0,30.0,380173698.4321599
580.0,92.0,116.0,29.0,12.0,12.0,0.0,30.0,380173698.4321599
597.0,80.0,43.0,12.0,12.0,12.0,0.0,30.0,380173698.4321599
616.0,87.0,126.0,21.0,12.0,12.0,0.0,30.0,380173698.4321599
604.0,86.0,110.0,16.0,12.0,12.0,0.0,30.0,380173698.4321599
626.0,97.0,79.0,7.0,12.0,12.0,0.0,30.0,380173698.4321599
605.0,93.0,61.0,29.0,9.0,7.0,100.0,15.819409331761504,307443713.7207278
621.0,90.0,88.0,20.0,8.0,7.0,0.0,30.0,295443713.7207278
624.0,84.0,101.0,0.0,8.0,7.0,0.0,30.0,295443713.7207278
628.0,85.0,110.0,22.0,10.0,7.0,0.0,30.0,319443713.7207278
627.0,83.0,107.0,25.0,9.0,7.0,0.0,30.0,307443713.7207278
599.0,85.0,54.0,6.0,7.0,7.0,0.0,30.0,283443713.7207278
606.0,88.0,129.0,17.0,10.0,7.0,0.0,30.0,319443713.7207278
627.0,80.0,67.0,5.0,8.0,7.0,0.0,30.0,295443713.7207278
585.0,99.0,136.0,14.0,10.0,7.0,0.0,30.0,319443713.7207278
594.0,91.0,4.0,30.0,7.0,6.0,100.0,21.32240058378032,275480502.16837484
586.0,83.0,53.0,26.0,8.0,7.0,0.0,30.0,295443713.7207278
588.0,91.0,114.0,24.0,7.0,7.0,0.0,30.0,283443713.7207278
620.0,85.0,112.0,15.0,9.0,7.0,0.0,30.0,307443713.7207278
586.0,93.0,147.0,25.0,10.0,7.0,100.0,15.500512435238534,319443713.7207278
597.0,87.0,109.0,9.0,10.0,7.0,0.0,30.0,319443713.7207278
587.0,96.0,126.0,13.0,7.0,7.0,100.0,17.751014506844182,283443713.7207278
626.0,95.0,128.0,21.0,8.0,7.0,100.0,15.25348549174488,295443713.7207278
598.0,81.0,59.0,25.0,7.0,7.0,0.0,30.0,283443713.7207278
610.0,80.0,117.0,20.0,11.0,7.0,0.0,30.0,331443713.7207278
585.0,89.0,32.0,5.0,11.0,7.0,0.0,30.0,331443713.7207278
603.0,97.0,71.0,17.0,10.0,7.0,100.0,12.367514401840776,319443713.7207278
582.0,96.0,72.0,15.0,10.0,7.0,100.0,13.003044153572908,319443713.7207278
595.0,86.0,102.0,26.0,11.0,7.0,0.0,30.0,331443713.7207278
610.0,82.0,39.0,21.0,9.0,7.0,0.0,30.0,307443713.7207278
623.0,84.0,78.0,26.0,11.0,7.0,0.0,30.0,331443713.7207278
626.0,95.0,71.0,17.0,8.0,7.0,0.0,30.0,295443713.7207278
603.0,97.0,128.0,21.0,10.0,7.0,100.0,12.505512349616264,319443713.7207278
588.0,91.0,54.0,15.0,9.0,7.0,0.0,30.0,307443713.7207278
599.0,85.0,114.0,6.0,7.0,7.0,0.0,30.0,283443713.7207278
601.0,86.0,110.0,13.0,8.0,7.0,0.0,30.0,295443713.7207278
605.0,81.0,59.0,25.0,7.0,7.0,0.0,30.0,283443713.7207278
609.0,81.0,70.0,24.0,11.0,7.0,0.0,30.0,331443713.7207278
621.0,96.0,72.0,20.0,10.0,7.0,0.0,30.0,319443713.7207278
627.0,84.0,101.0,5.0,8.0,7.0,0.0,30.0,295443713.7207278
630.0,88.0,64.0,7.0,7.0,7.0,0.0,30.0,283443713.7207278
586.0,93.0,53.0,25.0,10.0,7.0,100.0,14.498124739884233,319443713.7207278
586.0,83.0,147.0,26.0,8.0,7.0,0.0,30.0,295443713.7207278
580.0,83.0,91.0,29.0,9.0,7.0,0.0,30.0,307443713.7207278
618.0,96.0,69.0,0.0,7.0,7.0,0.0,30.0,283443713.7207278
623.0,89.0,74.0,19.0,7.0,7.0,0.0,30.0,283443713.7207278
587.0,91.0,126.0,13.0,7.0,7.0,100.0,18.21946603720397,283443713.7207278
594.0,96.0,4.0,30.0,7.0,6.0,100.0,18.19819629686312,275480502.16837484
605.0,85.0,119.0,1.0,7.0,7.0,0.0,30.0,283443713.7207278
599.0,94.0,30.0,6.0,9.0,7.0,100.0,16.01615551518458,307443713.7207278
630.0,81.0,64.0,25.0,7.0,7.0,0.0,30.0,283443713.7207278
605.0,88.0,59.0,7.0,7.0,7.0,0.0,30.0,283443713.7207278
618.0,96.0,69.0,19.0,7.0,7.0,100.0,17.72860943108893,283443713.7207278
597.0,99.0,148.0,18.0,7.0,7.0,0.0,30.0,283443713.7207278
586.0,86.0,91.0,26.0,10.0,7.0,0.0,30.0,319443713.7207278
588.0,83.0,54.0,15.0,9.0,7.0,0.0,30.0,307443713.7207278
576.0,97.0,124.0,15.0,8.0,7.0,100.0,15.877915595042074,295443713.7207278
616.0,97.0,89.0,14.0,12.0,7.0,0.0,30.0,343443713.7207278
609.0,86.0,102.0,24.0,11.0,7.0,0.0,30.0,331443713.7207278
595.0,81.0,70.0,25.0,10.0,7.0,0.0,30.0,319443713.7207278
623.0,80.0,78.0,20.0,11.0,7.0,0.0,30.0,331443713.7207278
596.0,82.0,128.0,5.0,10.0,7.0,0.0,30.0,319443713.7207278
594.0,80.0,136.0,30.0,7.0,7.0,0.0,30.0,283443713.7207278
618.0,96.0,4.0,19.0,7.0,6.0,100.0,18.17042286052632,275480502.16837484
625.0,83.0,39.0,10.0,7.0,7.0,0.0,30.0,283443713.7207278
599.0,91.0,30.0,6.0,9.0,7.0,100.0,14.59781499407833,307443713.7207278
605.0,99.0,148.0,18.0,7.0,7.0,0.0,30.0,283443713.7207278
597.0,88.0,59.0,7.0,7.0,7.0,0.0,30.0,283443713.7207278
601.0,80.0,73.0,13.0,7.0,7.0,0.0,30.0,283443713.7207278
599.0,100.0,145.0,1.0,11.0,7.0,0.0,30.0,331443713.7207278
588.0,83.0,101.0,5.0,9.0,7.0,0.0,30.0,307443713.7207278
615.0,83.0,143.0,29.0,7.0,7.0,0.0,30.0,283443713.7207278
580.0,86.0,91.0,26.0,10.0,7.0,0.0,30.0,319443713.7207278
621.0,99.0,72.0,20.0,10.0,7.0,0.0,30.0,319443713.7207278
585.0,96.0,136.0,14.0,10.0,7.0,100.0,15.522296776636296,319443713.7207278
609.0,82.0,128.0,5.0,10.0,7.0,0.0,30.0,319443713.7207278
596.0,86.0,102.0,24.0,11.0,7.0,0.0,30.0,331443713.7207278
584.0,93.0,106.0,28.0,11.0,7.0,0.0,30.0,331443713.7207278
591.0,86.0,55.0,3.0,10.0,7.0,0.0,30.0,319443713.7207278
618.0,95.0,61.0,19.0,11.0,7.0,100.0,12.935049657926982,331443713.7207278
594.0,83.0,39.0,10.0,7.0,7.0,0.0,30.0,283443713.7207278
625.0,80.0,136.0,30.0,7.0,7.0,0.0,30.0,283443713.7207278
588.0,95.0,111.0,1.0,10.0,7.0,0.0,30.0,319443713.7207278
605.0,81.0,119.0,25.0,7.0,7.0,0.0,30.0,283443713.7207278
607.0,93.0,89.0,13.0,9.0,7.0,100.0,14.167436597125809,307443713.7207278
585.0,95.0,136.0,17.0,10.0,7.0,0.0,30.0,319443713.7207278
585.0,94.0,75.0,14.0,12.0,7.0,100.0,11.26665311095015,343443713.7207278
600.0,94.0,84.0,14.0,12.0,7.0,100.0,16.347860800028112,343443713.7207278
630.0,90.0,90.0,13.0,7.0,7.0,100.0,20.596730125259832,283443713.7207278
609.0,82.0,70.0,25.0,10.0,7.0,0.0,30.0,319443713.7207278
595.0,81.0,128.0,5.0,10.0,7.0,0.0,30.0,319443713.7207278
599.0,86.0,145.0,1.0,11.0,7.0,0.0,30.0,331443713.7207278
591.0,100.0,55.0,3.0,10.0,7.0,0.0,30.0,319443713.7207278
585.0,86.0,102.0,5.0,11.0,7.0,0.0,30.0,331443713.7207278
596.0,89.0,32.0,24.0,11.0,7.0,0.0,30.0,331443713.7207278
601.0,93.0,89.0,28.0,10.0,7.0,0.0,30.0,319443713.7207278
615.0,95.0,46.0,6.0,9.0,7.0,100.0,15.62279552899214,307443713.7207278
605.0,81.0,136.0,25.0,7.0,7.0,0.0,30.0,283443713.7207278
625.0,80.0,119.0,30.0,7.0,7.0,0.0,30.0,283443713.7207278
601.0,82.0,62.0,19.0,12.0,7.0,0.0,30.0,343443713.7207278
597.0,99.0,73.0,18.0,7.0,7.0,0.0,30.0,283443713.7207278
588.0,95.0,101.0,5.0,9.0,7.0,100.0,15.62494895285996,307443713.7207278
588.0,83.0,111.0,1.0,10.0,7.0,0.0,30.0,319443713.7207278
584.0,86.0,83.0,12.0,11.0,7.0,0.0,30.0,331443713.7207278
580.0,86.0,136.0,26.0,10.0,7.0,0.0,30.0,319443713.7207278
591.0,100.0,89.0,3.0,10.0,7.0,0.0,30.0,319443713.7207278
601.0,93.0,55.0,28.0,10.0,7.0,0.0,30.0,319443713.7207278
599.0,89.0,145.0,1.0,11.0,7.0,100.0,13.828042422054386,331443713.7207278
589.0,92.0,38.0,16.0,7.0,7.0,0.0,30.0,283443713.7207278
576.0,97.0,61.0,15.0,11.0,7.0,100.0,11.639404516715995,331443713.7207278
618.0,95.0,124.0,19.0,8.0,7.0,0.0,30.0,295443713.7207278
607.0,94.0,89.0,13.0,9.0,7.0,100.0,17.726336070269266,307443713.7207278
621.0,81.0,134.0,14.0,10.0,7.0,0.0,30.0,319443713.7207278
599.0,90.0,90.0,1.0,7.0,7.0,100.0,18.64393934072166,283443713.7207278
604.0,89.0,145.0,10.0,7.0,7.0,0.0,30.0,283443713.7207278
586.0,93.0,46.0,25.0,9.0,7.0,0.0,30.0,307443713.7207278
615.0,95.0,53.0,6.0,10.0,7.0,100.0,13.151666454226708,319443713.7207278
594.0,81.0,39.0,25.0,7.0,7.0,0.0,30.0,283443713.7207278
614.0,92.0,78.0,18.0,7.0,7.0,0.0,30.0,283443713.7207278
579.0,99.0,32.0,21.0,11.0,11.0,0.0,30.0,361155851.76379305
587.0,89.0,44.0,24.0,11.0,11.0,100.0,13.549080246600028,361155851.76379305
577.0,92.0,135.0,4.0,11.0,11.0,100.0,12.065431979475791,361155851.76379305
612.0,83.0,102.0,11.0,11.0,11.0,0.0,30.0,361155851.76379305
625.0,92.0,89.0,0.0,11.0,11.0,0.0,30.0,361155851.76379305
594.0,99.0,109.0,0.0,11.0,11.0,0.0,30.0,361155851.76379305
585.0,96.0,105.0,6.0,11.0,11.0,0.0,30.0,361155851.76379305
609.0,91.0,108.0,3.0,11.0,11.0,100.0,11.816437278108936,361155851.76379305
605.0,85.0,126.0,24.0,11.0,11.0,0.0,30.0,361155851.76379305
599.0,83.0,139.0,24.0,11.0,11.0,0.0,30.0,361155851.76379305
600.0,93.0,52.0,4.0,11.0,11.0,100.0,11.769925097556609,361155851.76379305
582.0,88.0,126.0,5.0,11.0,11.0,100.0,15.235142457288962,361155851.76379305
583.0,92.0,55.0,16.0,11.0,11.0,100.0,13.55905277842672,361155851.76379305
591.0,93.0,127.0,20.0,11.0,11.0,0.0,30.0,361155851.76379305
587.0,92.0,44.0,4.0,11.0,11.0,100.0,11.836045785672324,361155851.76379305
577.0,89.0,135.0,24.0,11.0,11.0,100.0,16.29922775940729,361155851.76379305
583.0,92.0,126.0,5.0,11.0,11.0,100.0,12.776170267040309,361155851.76379305
622.0,98.0,67.0,16.0,12.0,11.0,0.0,30.0,373155851.76379305
591.0,92.0,36.0,18.0,11.0,11.0,100.0,14.315553658055364,361155851.76379305
612.0,83.0,89.0,11.0,11.0,11.0,0.0,30.0,361155851.76379305
625.0,92.0,102.0,0.0,11.0,11.0,0.0,30.0,361155851.76379305
594.0,93.0,15.0,0.0,11.0,11.0,0.0,30.0,361155851.76379305
576.0,97.0,40.0,5.0,11.0,11.0,100.0,11.403928188855929,361155851.76379305
605.0,96.0,126.0,24.0,11.0,11.0,100.0,13.730900727453063,361155851.76379305
587.0,85.0,44.0,5.0,12.0,11.0,0.0,30.0,373155851.76379305
597.0,95.0,115.0,2.0,12.0,11.0,100.0,10.876595573710905,373155851.76379305
587.0,96.0,113.0,15.0,12.0,11.0,100.0,10.325653937219714,373155851.76379305
609.0,92.0,44.0,3.0,11.0,11.0,100.0,11.821399499805588,361155851.76379305
594.0,82.0,92.0,30.0,11.0,11.0,0.0,30.0,361155851.76379305
577.0,89.0,64.0,18.0,11.0,11.0,100.0,14.636721559949304,361155851.76379305
612.0,83.0,32.0,11.0,11.0,11.0,0.0,30.0,361155851.76379305
579.0,99.0,89.0,21.0,11.0,11.0,0.0,30.0,361155851.76379305
625.0,93.0,15.0,0.0,11.0,11.0,0.0,30.0,361155851.76379305
594.0,83.0,102.0,2.0,12.0,11.0,0.0,30.0,373155851.76379305
609.0,93.0,117.0,10.0,12.0,11.0,0.0,30.0,373155851.76379305
606.0,93.0,132.0,26.0,12.0,11.0,0.0,30.0,373155851.76379305
604.0,95.0,145.0,27.0,11.0,11.0,100.0,11.481284172185232,361155851.76379305
605.0,87.0,126.0,18.0,11.0,11.0,0.0,30.0,361155851.76379305
579.0,99.0,89.0,11.0,11.0,11.0,0.0,30.0,361155851.76379305
612.0,83.0,32.0,21.0,11.0,11.0,0.0,30.0,361155851.76379305
587.0,93.0,66.0,23.0,11.0,11.0,0.0,30.0,361155851.76379305
599.0,95.0,79.0,20.0,11.0,11.0,100.0,12.41558423848952,361155851.76379305
594.0,85.0,130.0,22.0,12.0,11.0,0.0,30.0,373155851.76379305
587.0,90.0,44.0,2.0,12.0,11.0,100.0,12.0334505833506,373155851.76379305
604.0,96.0,145.0,27.0,12.0,11.0,100.0,11.426661455909564,373155851.76379305
587.0,95.0,113.0,15.0,11.0,11.0,100.0,11.347165708689976,361155851.76379305
599.0,93.0,79.0,20.0,11.0,11.0,100.0,11.654679874306334,361155851.76379305
600.0,95.0,131.0,21.0,11.0,11.0,100.0,11.450347535268785,361155851.76379305
580.0,88.0,118.0,2.0,12.0,11.0,0.0,30.0,373155851.76379305
622.0,98.0,132.0,26.0,12.0,11.0,0.0,30.0,373155851.76379305
606.0,93.0,67.0,16.0,12.0,11.0,0.0,30.0,373155851.76379305
596.0,83.0,73.0,22.0,12.0,11.0,0.0,30.0,373155851.76379305
579.0,82.0,89.0,30.0,11.0,11.0,0.0,30.0,361155851.76379305
594.0,99.0,92.0,11.0,11.0,11.0,0.0,30.0,361155851.76379305
585.0,95.0,32.0,21.0,12.0,11.0,100.0,12.634922118772472,373155851.76379305
596.0,88.0,138.0,19.0,11.0,11.0,0.0,30.0,361155851.76379305
603.0,85.0,81.0,10.0,12.0,11.0,0.0,30.0,373155851.76379305
582.0,88.0,55.0,24.0,12.0,11.0,100.0,19.7039726930046,373155851.76379305
604.0,85.0,41.0,29.0,11.0,11.0,0.0,30.0,361155851.76379305
577.0,91.0,60.0,26.0,11.0,11.0,100.0,15.59037668719765,361155851.76379305
605.0,87.0,89.0,30.0,11.0,11.0,0.0,30.0,361155851.76379305
579.0,82.0,126.0,18.0,11.0,11.0,0.0,30.0,361155851.76379305
594.0,99.0,92.0,19.0,11.0,11.0,0.0,30.0,361155851.76379305
617.0,85.0,92.0,15.0,11.0,11.0,0.0,30.0,361155851.76379305
606.0,88.0,67.0,16.0,12.0,11.0,0.0,30.0,373155851.76379305
614.0,83.0,67.0,15.0,12.0,11.0,0.0,30.0,373155851.76379305
625.0,86.0,132.0,27.0,12.0,11.0,0.0,30.0,373155851.76379305
622.0,98.0,73.0,26.0,12.0,11.0,0.0,30.0,373155851.76379305
585.0,91.0,88.0,15.0,12.0,11.0,100.0,12.595878593132316,373155851.76379305
600.0,88.0,72.0,5.0,10.0,9.0,0.0,30.0,334669011.9494713
599.0,97.0,147.0,20.0,11.0,9.0,100.0,11.2105664742336,346669011.9494713
598.0,96.0,32.0,29.0,9.0,9.0,100.0,13.741636311631048,322669011.9494713
611.0,81.0,118.0,21.0,10.0,9.0,0.0,30.0,334669011.9494713
601.0,81.0,71.0,19.0,11.0,9.0,0.0,30.0,346669011.9494713
608.0,96.0,82.0,24.0,11.0,9.0,100.0,12.14276017388069,346669011.9494713
604.0,92.0,17.0,25.0,9.0,9.0,100.0,14.324227549764712,322669011.9494713
592.0,84.0,99.0,25.0,10.0,9.0,0.0,30.0,334669011.9494713
584.0,84.0,104.0,29.0,10.0,9.0,0.0,30.0,334669011.9494713
626.0,84.0,66.0,27.0,9.0,9.0,0.0,30.0,322669011.9494713
603.0,81.0,86.0,29.0,9.0,9.0,0.0,30.0,322669011.9494713
584.0,81.0,149.0,16.0,9.0,9.0,0.0,30.0,322669011.9494713
579.0,98.0,32.0,24.0,9.0,9.0,0.0,30.0,322669011.9494713
596.0,80.0,59.0,2.0,11.0,9.0,0.0,30.0,346669011.9494713
576.0,91.0,130.0,19.0,10.0,9.0,0.0,30.0,334669011.9494713
579.0,91.0,31.0,19.0,9.0,9.0,0.0,30.0,322669011.9494713
628.0,87.0,108.0,2.0,11.0,9.0,0.0,30.0,346669011.9494713
605.0,88.0,145.0,22.0,9.0,9.0,0.0,30.0,322669011.9494713
592.0,83.0,133.0,5.0,11.0,9.0,0.0,30.0,346669011.9494713
623.0,80.0,52.0,12.0,11.0,9.0,0.0,30.0,346669011.9494713
611.0,90.0,83.0,27.0,9.0,9.0,0.0,30.0,322669011.9494713
619.0,96.0,104.0,26.0,9.0,9.0,100.0,13.838518226010772,322669011.9494713
607.0,94.0,31.0,5.0,11.0,9.0,100.0,11.57091335281851,346669011.9494713
596.0,98.0,88.0,12.0,9.0,9.0,0.0,30.0,322669011.9494713
598.0,89.0,88.0,8.0,11.0,9.0,100.0,16.69307545446057,346669011.9494713
607.0,94.0,104.0,5.0,11.0,9.0,100.0,11.394966331446518,346669011.9494713
619.0,96.0,31.0,26.0,9.0,9.0,100.0,13.606345655028257,322669011.9494713
608.0,96.0,17.0,25.0,11.0,9.0,100.0,11.802985604233251,346669011.9494713
604.0,92.0,82.0,24.0,9.0,9.0,100.0,14.5491078443909,322669011.9494713
606.0,94.0,132.0,29.0,10.0,9.0,0.0,30.0,334669011.9494713
594.0,87.0,49.0,14.0,12.0,9.0,0.0,30.0,358669011.9494713
611.0,84.0,143.0,27.0,12.0,9.0,0.0,30.0,358669011.9494713
598.0,89.0,72.0,5.0,11.0,9.0,100.0,11.96364001416599,346669011.9494713
600.0,88.0,88.0,8.0,10.0,9.0,0.0,30.0,334669011.9494713
592.0,84.0,118.0,25.0,10.0,9.0,0.0,30.0,334669011.9494713
611.0,81.0,99.0,21.0,10.0,9.0,0.0,30.0,334669011.9494713
576.0,91.0,104.0,29.0,10.0,9.0,100.0,13.61388193729677,334669011.9494713
584.0,84.0,130.0,19.0,10.0,9.0,0.0,30.0,334669011.9494713
623.0,81.0,71.0,12.0,11.0,9.0,0.0,30.0,346669011.9494713
601.0,80.0,52.0,19.0,11.0,9.0,0.0,30.0,346669011.9494713
596.0,87.0,59.0,2.0,11.0,9.0,0.0,30.0,346669011.9494713
628.0,80.0,108.0,2.0,11.0,9.0,0.0,30.0,346669011.9494713
624.0,87.0,133.0,4.0,9.0,9.0,0.0,30.0,322669011.9494713
619.0,97.0,147.0,26.0,11.0,9.0,0.0,30.0,346669011.9494713
599.0,96.0,31.0,20.0,9.0,9.0,100.0,13.639899169272947,322669011.9494713
607.0,94.0,32.0,29.0,9.0,9.0,100.0,13.95698186479927,322669011.9494713
598.0,96.0,104.0,5.0,11.0,9.0,100.0,11.095248847632712,346669011.9494713
606.0,91.0,141.0,29.0,12.0,9.0,0.0,30.0,358669011.9494713
608.0,96.0,104.0,25.0,10.0,9.0,100.0,12.65490191976715,334669011.9494713
598.0,92.0,82.0,5.0,9.0,9.0,100.0,15.825120180061123,322669011.9494713
625.0,80.0,110.0,22.0,11.0,9.0,0.0,30.0,346669011.9494713
575.0,91.0,36.0,26.0,12.0,9.0,100.0,12.78503064952275,358669011.9494713
614.0,90.0,46.0,12.0,12.0,9.0,0.0,30.0,358669011.9494713
606.0,88.0,132.0,29.0,10.0,9.0,0.0,30.0,334669011.9494713
600.0,94.0,88.0,8.0,10.0,9.0,100.0,12.692672564613918,334669011.9494713
592.0,81.0,118.0,25.0,10.0,9.0,0.0,30.0,334669011.9494713
611.0,84.0,99.0,21.0,10.0,9.0,0.0,30.0,334669011.9494713
593.0,93.0,143.0,23.0,11.0,9.0,0.0,30.0,346669011.9494713
600.0,93.0,87.0,12.0,9.0,9.0,100.0,14.14168720345259,322669011.9494713
605.0,83.0,31.0,1.0,12.0,9.0,0.0,30.0,358669011.9494713
607.0,94.0,104.0,29.0,9.0,9.0,100.0,14.182259573156225,322669011.9494713
608.0,97.0,32.0,28.0,9.0,9.0,0.0,30.0,322669011.9494713
613.0,90.0,138.0,28.0,10.0,9.0,100.0,13.562753704126228,334669011.9494713
598.0,92.0,36.0,5.0,12.0,9.0,100.0,11.750357653296696,358669011.9494713
575.0,91.0,82.0,26.0,9.0,9.0,100.0,14.87387934796168,322669011.9494713
584.0,88.0,93.0,16.0,9.0,9.0,0.0,30.0,322669011.9494713
619.0,95.0,113.0,13.0,12.0,9.0,100.0,11.134412769030186,358669011.9494713
622.0,88.0,57.0,24.0,9.0,9.0,0.0,30.0,322669011.9494713
627.0,81.0,140.0,24.0,12.0,9.0,0.0,30.0,358669011.9494713
593.0,98.0,130.0,5.0,9.0,9.0,0.0,30.0,322669011.9494713
608.0,91.0,99.0,0.0,10.0,9.0,0.0,30.0,334669011.9494713
619.0,87.0,100.0,13.0,9.0,9.0,0.0,30.0,322669011.9494713
593.0,81.0,143.0,12.0,11.0,9.0,0.0,30.0,346669011.9494713
623.0,93.0,71.0,23.0,11.0,9.0,100.0,14.722701939329918,346669011.9494713
626.0,100.0,66.0,4.0,9.0,9.0,0.0,30.0,322669011.9494713
611.0,84.0,141.0,27.0,12.0,9.0,0.0,30.0,358669011.9494713
606.0,91.0,143.0,29.0,12.0,9.0,0.0,30.0,358669011.9494713
598.0,90.0,138.0,5.0,11.0,9.0,100.0,11.49801685502278,346669011.9494713
613.0,96.0,104.0,28.0,10.0,9.0,0.0,30.0,334669011.9494713
600.0,98.0,113.0,6.0,9.0,9.0,0.0,30.0,322669011.9494713
622.0,96.0,52.0,15.0,9.0,8.0,100.0,13.46951706994112,315161471.7257278
627.0,98.0,66.0,4.0,10.0,8.0,0.0,30.0,327161471.7257278
587.0,82.0,40.0,17.0,9.0,8.0,0.0,30.0,315161471.7257278
621.0,98.0,135.0,15.0,8.0,8.0,0.0,30.0,303161471.7257278
586.0,95.0,110.0,22.0,11.0,8.0,100.0,13.203388085839345,339161471.7257278
618.0,92.0,47.0,5.0,10.0,8.0,0.0,30.0,327161471.7257278
625.0,93.0,51.0,28.0,8.0,8.0,100.0,17.737227568217758,303161471.7257278
623.0,91.0,99.0,21.0,11.0,8.0,100.0,11.8100020842309,339161471.7257278
590.0,84.0,68.0,27.0,11.0,8.0,0.0,30.0,339161471.7257278
580.0,95.0,50.0,25.0,10.0,8.0,100.0,13.30074170137408,327161471.7257278
595.0,90.0,93.0,20.0,9.0,8.0,0.0,30.0,315161471.7257278
625.0,96.0,51.0,15.0,8.0,8.0,100.0,15.560539593468723,303161471.7257278
629.0,91.0,75.0,6.0,12.0,8.0,100.0,14.634837738354056,351161471.7257278
623.0,95.0,50.0,25.0,10.0,8.0,100.0,13.040629103505802,327161471.7257278
595.0,97.0,147.0,20.0,12.0,8.0,0.0,30.0,351161471.7257278
621.0,95.0,110.0,15.0,8.0,8.0,100.0,15.27837636597702,303161471.7257278
625.0,81.0,51.0,12.0,9.0,8.0,0.0,30.0,315161471.7257278
587.0,90.0,40.0,17.0,9.0,8.0,0.0,30.0,315161471.7257278
595.0,82.0,93.0,20.0,9.0,8.0,0.0,30.0,315161471.7257278
623.0,95.0,50.0,15.0,8.0,8.0,100.0,15.429458340215543,303161471.7257278
621.0,95.0,110.0,25.0,10.0,8.0,0.0,30.0,327161471.7257278
595.0,91.0,93.0,20.0,9.0,8.0,0.0,30.0,315161471.7257278
629.0,82.0,75.0,6.0,12.0,8.0,0.0,30.0,351161471.7257278
587.0,96.0,47.0,6.0,10.0,8.0,100.0,12.91585626991183,327161471.7257278
611.0,94.0,91.0,22.0,10.0,8.0,0.0,30.0,327161471.7257278
595.0,84.0,147.0,27.0,12.0,8.0,0.0,30.0,351161471.7257278
590.0,97.0,68.0,20.0,11.0,8.0,0.0,30.0,339161471.7257278
613.0,89.0,122.0,6.0,12.0,8.0,0.0,30.0,351161471.7257278
618.0,96.0,134.0,12.0,12.0,8.0,100.0,10.70401259201575,351161471.7257278
578.0,87.0,50.0,22.0,9.0,8.0,0.0,30.0,315161471.7257278
587.0,90.0,51.0,12.0,9.0,8.0,100.0,21.86698462281217,315161471.7257278
621.0,95.0,110.0,20.0,9.0,8.0,0.0,30.0,315161471.7257278
595.0,91.0,93.0,25.0,10.0,8.0,100.0,13.600963032547778,327161471.7257278
590.0,81.0,150.0,20.0,9.0,8.0,0.0,30.0,315161471.7257278
595.0,82.0,147.0,6.0,12.0,8.0,0.0,30.0,351161471.7257278
629.0,84.0,75.0,27.0,12.0,8.0,0.0,30.0,351161471.7257278
618.0,90.0,99.0,30.0,10.0,8.0,0.0,30.0,327161471.7257278
587.0,96.0,134.0,12.0,12.0,8.0,100.0,12.360088670629109,351161471.7257278
578.0,87.0,50.0,25.0,10.0,8.0,0.0,30.0,327161471.7257278
595.0,91.0,93.0,22.0,9.0,8.0,100.0,16.452952344926924,315161471.7257278
625.0,89.0,95.0,26.0,9.0,8.0,0.0,30.0,315161471.7257278
613.0,95.0,68.0,17.0,12.0,8.0,0.0,30.0,351161471.7257278
629.0,84.0,75.0,6.0,12.0,8.0,0.0,30.0,351161471.7257278
598.0,94.0,144.0,27.0,12.0,8.0,100.0,11.224005740023689,351161471.7257278
595.0,91.0,93.0,27.0,12.0,8.0,0.0,30.0,351161471.7257278
598.0,94.0,144.0,22.0,9.0,8.0,100.0,16.03953212866855,315161471.7257278
590.0,91.0,69.0,26.0,10.0,8.0,0.0,30.0,327161471.7257278
621.0,81.0,110.0,20.0,9.0,8.0,0.0,30.0,315161471.7257278
587.0,86.0,82.0,21.0,11.0,8.0,0.0,30.0,339161471.7257278
625.0,96.0,95.0,26.0,12.0,8.0,100.0,11.985954216739769,351161471.7257278
604.0,90.0,45.0,18.0,9.0,8.0,0.0,30.0,315161471.7257278
629.0,84.0,68.0,6.0,12.0,8.0,0.0,30.0,351161471.7257278
613.0,95.0,75.0,17.0,12.0,8.0,0.0,30.0,351161471.7257278
596.0,91.0,73.0,26.0,10.0,8.0,100.0,16.123691790827596,327161471.7257278
625.0,96.0,144.0,22.0,9.0,8.0,0.0,30.0,315161471.7257278
597.0,96.0,115.0,16.0,12.0,8.0,100.0,10.539821067864183,351161471.7257278
621.0,90.0,45.0,20.0,9.0,8.0,0.0,30.0,315161471.7257278
602.0,85.0,146.0,27.0,11.0,8.0,0.0,30.0,339161471.7257278
629.0,95.0,75.0,6.0,12.0,8.0,100.0,15.58771691964754,351161471.7257278
613.0,84.0,68.0,17.0,12.0,8.0,0.0,30.0,351161471.7257278
595.0,98.0,120.0,27.0,12.0,12.0,0.0,30.0,380173698.4321599
580.0,93.0,100.0,19.0,12.0,12.0,100.0,10.606545340927209,380173698.4321599
623.0,94.0,33.0,15.0,12.0,12.0,100.0,10.304324882393407,380173698.4321599
607.0,92.0,129.0,21.0,12.0,12.0,0.0,30.0,380173698.4321599
583.0,87.0,38.0,13.0,12.0,12.0,0.0,30.0,380173698.4321599
602.0,88.0,94.0,12.0,12.0,12.0,0.0,30.0,380173698.4321599
577.0,99.0,144.0,4.0,12.0,12.0,0.0,30.0,380173698.4321599
629.0,87.0,39.0,12.0,12.0,12.0,0.0,30.0,380173698.4321599
590.0,87.0,63.0,23.0,12.0,12.0,0.0,30.0,380173698.4321599
623.0,94.0,76.0,15.0,12.0,12.0,100.0,10.448993501898176,380173698.4321599
599.0,97.0,33.0,29.0,12.0,12.0,100.0,10.204668564613907,380173698.4321599
580.0,98.0,100.0,19.0,12.0,12.0,0.0,30.0,380173698.4321599
595.0,93.0,120.0,27.0,12.0,12.0,100.0,11.807634264029724,380173698.4321599
624.0,82.0,71.0,9.0,12.0,12.0,0.0,30.0,380173698.4321599
630.0,94.0,131.0,14.0,12.0,12.0,0.0,30.0,380173698.4321599
586.0,93.0,102.0,12.0,12.0,12.0,100.0,14.886710070701836,380173698.4321599
595.0,97.0,32.0,6.0,12.0,12.0,100.0,11.305700797047813,380173698.4321599
586.0,93.0,120.0,12.0,12.0,12.0,100.0,13.188957980734193,380173698.4321599
610.0,93.0,65.0,24.0,12.0,12.0,100.0,10.768134054703143,380173698.4321599
580.0,94.0,100.0,14.0,12.0,12.0,0.0,30.0,380173698.4321599
607.0,92.0,63.0,21.0,12.0,12.0,100.0,12.254851609344886,380173698.4321599
590.0,87.0,129.0,23.0,12.0,12.0,0.0,30.0,380173698.4321599
624.0,82.0,94.0,9.0,12.0,12.0,0.0,30.0,380173698.4321599
602.0,88.0,71.0,12.0,12.0,12.0,0.0,30.0,380173698.4321599
603.0,82.0,124.0,25.0,12.0,12.0,0.0,30.0,380173698.4321599
618.0,97.0,32.0,5.0,12.0,12.0,0.0,30.0,380173698.4321599
586.0,92.0,63.0,12.0,12.0,12.0,100.0,14.98365750318949,380173698.4321599
618.0,88.0,120.0,30.0,12.0,12.0,0.0,30.0,380173698.4321599
599.0,94.0,33.0,29.0,12.0,12.0,100.0,10.437683988063696,380173698.4321599
623.0,97.0,76.0,15.0,12.0,12.0,0.0,30.0,380173698.4321599
586.0,82.0,124.0,12.0,12.0,12.0,0.0,30.0,380173698.4321599
603.0,92.0,63.0,25.0,12.0,12.0,100.0,10.681800093060811,380173698.4321599
624.0,97.0,32.0,5.0,12.0,12.0,0.0,30.0,380173698.4321599
618.0,82.0,94.0,9.0,12.0,12.0,0.0,30.0,380173698.4321599
618.0,90.0,73.0,30.0,12.0,12.0,0.0,30.0,380173698.4321599
618.0,88.0,100.0,14.0,12.0,12.0,100.0,15.14244600086701,380173698.4321599
590.0,87.0,129.0,12.0,12.0,12.0,0.0,30.0,380173698.4321599
602.0,88.0,71.0,23.0,12.0,12.0,100.0,12.20099466667214,380173698.4321599
590.0,87.0,76.0,15.0,12.0,12.0,0.0,30.0,380173698.4321599
615.0,95.0,77.0,30.0,12.0,12.0,100.0,12.670290566672223,380173698.4321599
623.0,93.0,97.0,14.0,12.0,12.0,100.0,10.336346094605524,380173698.4321599
602.0,88.0,44.0,23.0,12.0,12.0,0.0,30.0,380173698.4321599
597.0,96.0,69.0,25.0,12.0,12.0,0.0,30.0,380173698.4321599
590.0,87.0,119.0,10.0,12.0,12.0,0.0,30.0,380173698.4321599
586.0,82.0,73.0,12.0,12.0,12.0,0.0,30.0,380173698.4321599
618.0,80.0,132.0,28.0,12.0,12.0,0.0,30.0,380173698.4321599
623.0,94.0,97.0,29.0,12.0,12.0,100.0,10.720521700649474,380173698.4321599
599.0,93.0,33.0,14.0,12.0,12.0,0.0,30.0,380173698.4321599
602.0,92.0,63.0,25.0,12.0,12.0,0.0,30.0,380173698.4321599
603.0,88.0,44.0,23.0,12.0,12.0,0.0,30.0,380173698.4321599
597.0,96.0,69.0,5.0,12.0,12.0,0.0,30.0,380173698.4321599
624.0,97.0,32.0,25.0,12.0,12.0,0.0,30.0,380173698.4321599
586.0,87.0,73.0,10.0,12.0,12.0,0.0,30.0,380173698.4321599
590.0,82.0,119.0,12.0,12.0,12.0,0.0,30.0,380173698.4321599
595.0,80.0,81.0,5.0,12.0,12.0,0.0,30.0,380173698.4321599
626.0,98.0,103.0,28.0,12.0,12.0,0.0,30.0,380173698.4321599
588.0,93.0,98.0,10.0,11.0,8.0,0.0,30.0,339161471.7257278
614.0,91.0,32.0,28.0,9.0,8.0,0.0,30.0,315161471.7257278
586.0,84.0,116.0,16.0,9.0,8.0,0.0,30.0,315161471.7257278
579.0,80.0,77.0,11.0,10.0,8.0,0.0,30.0,327161471.7257278
601.0,80.0,41.0,7.0,9.0,8.0,0.0,30.0,315161471.7257278
628.0,89.0,56.0,5.0,11.0,8.0,100.0,21.80333230151663,339161471.7257278
602.0,98.0,97.0,19.0,9.0,8.0,0.0,30.0,315161471.7257278
599.0,93.0,43.0,10.0,9.0,8.0,100.0,15.826539035016298,315161471.7257278
578.0,89.0,142.0,20.0,10.0,8.0,0.0,30.0,327161471.7257278
628.0,82.0,65.0,17.0,9.0,8.0,0.0,30.0,315161471.7257278
601.0,80.0,116.0,16.0,9.0,8.0,0.0,30.0,315161471.7257278
586.0,84.0,41.0,7.0,9.0,8.0,0.0,30.0,315161471.7257278
598.0,82.0,54.0,1.0,9.0,8.0,0.0,30.0,315161471.7257278
614.0,88.0,106.0,30.0,8.0,8.0,0.0,30.0,303161471.7257278
579.0,80.0,56.0,11.0,11.0,8.0,0.0,30.0,339161471.7257278
628.0,89.0,77.0,5.0,10.0,8.0,100.0,18.647223765733727,327161471.7257278
606.0,88.0,67.0,30.0,8.0,8.0,0.0,30.0,303161471.7257278
599.0,93.0,43.0,30.0,9.0,8.0,0.0,30.0,315161471.7257278
628.0,81.0,62.0,2.0,8.0,8.0,0.0,30.0,303161471.7257278
621.0,88.0,137.0,6.0,10.0,8.0,0.0,30.0,327161471.7257278
599.0,89.0,91.0,4.0,11.0,8.0,100.0,16.415108373958784,339161471.7257278
609.0,94.0,80.0,6.0,11.0,8.0,100.0,11.68730546670935,339161471.7257278
583.0,85.0,133.0,21.0,11.0,8.0,0.0,30.0,339161471.7257278
610.0,87.0,97.0,29.0,9.0,8.0,0.0,30.0,315161471.7257278
581.0,99.0,106.0,17.0,10.0,8.0,0.0,30.0,327161471.7257278
607.0,92.0,119.0,11.0,8.0,8.0,0.0,30.0,303161471.7257278
583.0,80.0,37.0,4.0,11.0,8.0,0.0,30.0,339161471.7257278
623.0,83.0,69.0,17.0,9.0,8.0,0.0,30.0,315161471.7257278
628.0,92.0,119.0,2.0,8.0,8.0,100.0,15.490422320363706,303161471.7257278
607.0,81.0,62.0,11.0,8.0,8.0,0.0,30.0,303161471.7257278
586.0,96.0,141.0,11.0,11.0,8.0,100.0,11.631349198524296,339161471.7257278
609.0,94.0,97.0,6.0,9.0,8.0,100.0,13.80337061431527,315161471.7257278
629.0,91.0,69.0,17.0,9.0,8.0,0.0,30.0,315161471.7257278
581.0,88.0,106.0,17.0,10.0,8.0,0.0,30.0,327161471.7257278
621.0,99.0,113.0,6.0,10.0,8.0,0.0,30.0,327161471.7257278
597.0,85.0,97.0,1.0,9.0,8.0,0.0,30.0,315161471.7257278
620.0,89.0,60.0,14.0,11.0,8.0,0.0,30.0,339161471.7257278
629.0,91.0,91.0,4.0,9.0,8.0,100.0,14.186748670373364,315161471.7257278
581.0,91.0,93.0,8.0,11.0,8.0,100.0,14.602054503935843,339161471.7257278
628.0,92.0,119.0,11.0,8.0,8.0,100.0,15.477369776520009,303161471.7257278
622.0,93.0,49.0,16.0,10.0,8.0,0.0,30.0,327161471.7257278
585.0,85.0,112.0,12.0,9.0,8.0,0.0,30.0,315161471.7257278
581.0,99.0,93.0,6.0,11.0,8.0,0.0,30.0,339161471.7257278
592.0,91.0,113.0,8.0,10.0,8.0,0.0,30.0,327161471.7257278
629.0,90.0,77.0,21.0,11.0,8.0,100.0,12.661559868635583,339161471.7257278
606.0,81.0,132.0,4.0,10.0,8.0,0.0,30.0,327161471.7257278
630.0,98.0,91.0,8.0,8.0,8.0,0.0,30.0,303161471.7257278
585.0,91.0,112.0,12.0,9.0,8.0,0.0,30.0,315161471.7257278
598.0,82.0,50.0,10.0,8.0,8.0,0.0,30.0,303161471.7257278
606.0,81.0,132.0,6.0,10.0,8.0,0.0,30.0,327161471.7257278
628.0,92.0,119.0,6.0,8.0,8.0,100.0,16.16903550055901,303161471.7257278
609.0,94.0,97.0,11.0,9.0,8.0,100.0,13.946327258006892,315161471.7257278
588.0,81.0,77.0,5.0,11.0,8.0,0.0,30.0,339161471.7257278
629.0,81.0,62.0,11.0,8.0,8.0,0.0,30.0,303161471.7257278
598.0,97.0,142.0,26.0,12.0,8.0,0.0,30.0,351161471.7257278
630.0,82.0,91.0,8.0,8.0,8.0,0.0,30.0,303161471.7257278
622.0,97.0,55.0,25.0,11.0,8.0,0.0,30.0,339161471.7257278
606.0,91.0,113.0,8.0,10.0,8.0,0.0,30.0,327161471.7257278
592.0,81.0,132.0,6.0,10.0,8.0,0.0,30.0,327161471.7257278
609.0,94.0,97.0,6.0,8.0,8.0,100.0,15.411237338213114,303161471.7257278
592.0,92.0,119.0,21.0,11.0,8.0,100.0,13.738267941342814,339161471.7257278
585.0,91.0,113.0,12.0,10.0,8.0,0.0,30.0,327161471.7257278
606.0,91.0,112.0,8.0,9.0,8.0,0.0,30.0,315161471.7257278
599.0,93.0,122.0,0.0,10.0,8.0,0.0,30.0,327161471.7257278
576.0,97.0,55.0,19.0,12.0,8.0,0.0,30.0,351161471.7257278
598.0,97.0,142.0,26.0,11.0,8.0,0.0,30.0,339161471.7257278
592.0,92.0,76.0,9.0,11.0,8.0,0.0,30.0,339161471.7257278
601.0,80.0,90.0,7.0,10.0,8.0,0.0,30.0,327161471.7257278
606.0,91.0,112.0,12.0,9.0,8.0,0.0,30.0,315161471.7257278
617.0,81.0,122.0,24.0,11.0,8.0,0.0,30.0,339161471.7257278
592.0,93.0,132.0,0.0,10.0,8.0,0.0,30.0,327161471.7257278
614.0,82.0,45.0,12.0,9.0,8.0,0.0,30.0,315161471.7257278
601.0,99.0,132.0,6.0,12.0,8.0,0.0,30.0,351161471.7257278
592.0,93.0,90.0,7.0,10.0,8.0,100.0,12.66808159369333,327161471.7257278
609.0,88.0,106.0,2.0,10.0,8.0,100.0,19.234043900612114,327161471.7257278
629.0,91.0,112.0,12.0,9.0,8.0,100.0,14.809999371589509,315161471.7257278
606.0,81.0,62.0,11.0,8.0,8.0,0.0,30.0,303161471.7257278
614.0,92.0,45.0,12.0,11.0,8.0,0.0,30.0,339161471.7257278
625.0,94.0,66.0,24.0,9.0,8.0,100.0,15.945169687006358,315161471.7257278
598.0,81.0,122.0,24.0,11.0,8.0,0.0,30.0,339161471.7257278
617.0,97.0,142.0,26.0,11.0,8.0,0.0,30.0,339161471.7257278
601.0,97.0,55.0,6.0,12.0,8.0,0.0,30.0,351161471.7257278
576.0,99.0,132.0,19.0,12.0,8.0,0.0,30.0,351161471.7257278
629.0,91.0,112.0,7.0,10.0,8.0,100.0,15.53630976107934,327161471.7257278
592.0,94.0,109.0,15.0,9.0,8.0,100.0,17.117054277150046,315161471.7257278
606.0,94.0,66.0,11.0,9.0,8.0,0.0,30.0,315161471.7257278
625.0,81.0,62.0,24.0,8.0,8.0,0.0,30.0,303161471.7257278
598.0,81.0,142.0,26.0,11.0,8.0,0.0,30.0,339161471.7257278
617.0,97.0,122.0,24.0,11.0,8.0,0.0,30.0,339161471.7257278
576.0,99.0,132.0,6.0,12.0,8.0,0.0,30.0,351161471.7257278
601.0,97.0,55.0,19.0,12.0,8.0,100.0,10.317883778787996,351161471.7257278
